country,subnational1,threshold,area_ha,extent_2000_ha,extent_2010_ha,gain_2000-2012_ha,tc_loss_ha_2001,tc_loss_ha_2002,tc_loss_ha_2003,tc_loss_ha_2004,tc_loss_ha_2005,tc_loss_ha_2006,tc_loss_ha_2007,tc_loss_ha_2008,tc_loss_ha_2009,tc_loss_ha_2010,tc_loss_ha_2011,tc_loss_ha_2012,tc_loss_ha_2013,tc_loss_ha_2014,tc_loss_ha_2015,tc_loss_ha_2016,tc_loss_ha_2017,tc_loss_ha_2018,tc_loss_ha_2019,tc_loss_ha_2020,tc_loss_ha_2021,tc_loss_ha_2022,tc_loss_ha_2023,tc_loss_ha_2024,gfw_forest_carbon_gross_emissions_2001__Mg_CO2e,gfw_forest_carbon_gross_emissions_2002__Mg_CO2e,gfw_forest_carbon_gross_emissions_2003__Mg_CO2e,gfw_forest_carbon_gross_emissions_2004__Mg_CO2e,gfw_forest_carbon_gross_emissions_2005__Mg_CO2e,gfw_forest_carbon_gross_emissions_2006__Mg_CO2e,gfw_forest_carbon_gross_emissions_2007__Mg_CO2e,gfw_forest_carbon_gross_emissions_2008__Mg_CO2e,gfw_forest_carbon_gross_emissions_2009__Mg_CO2e,gfw_forest_carbon_gross_emissions_2010__Mg_CO2e,gfw_forest_carbon_gross_emissions_2011__Mg_CO2e,gfw_forest_carbon_gross_emissions_2012__Mg_CO2e,gfw_forest_carbon_gross_emissions_2013__Mg_CO2e,gfw_forest_carbon_gross_emissions_2014__Mg_CO2e,gfw_forest_carbon_gross_emissions_2015__Mg_CO2e,gfw_forest_carbon_gross_emissions_2016__Mg_CO2e,gfw_forest_carbon_gross_emissions_2017__Mg_CO2e,gfw_forest_carbon_gross_emissions_2018__Mg_CO2e,gfw_forest_carbon_gross_emissions_2019__Mg_CO2e,gfw_forest_carbon_gross_emissions_2020__Mg_CO2e,gfw_forest_carbon_gross_emissions_2021__Mg_CO2e,gfw_forest_carbon_gross_emissions_2022__Mg_CO2e,gfw_forest_carbon_gross_emissions_2023__Mg_CO2e,gfw_forest_carbon_gross_emissions_2024__Mg_CO2e
Indonesia,Aceh,0,5683650,5683650,5683650,129164,18402,11039,11858,19315,26677,21392,24304,36867,69393,40897,47777,50225,44602,63050,35718,54064,49775,50240,31054,33716,34795,32777,43810,52495,0,0,0,0,0,0,0,0,0,0,0,0,0,0,0,0,0,0,0,0,0,0,0,0
Indonesia,Aceh,10,5683650,5090906,4996298,129164,18325,10988,11830,19213,26563,21326,24221,36785,69241,40821,47582,49582,41930,59577,34386,50990,46781,47054,29148,31009,32516,30495,40110,47497,0,0,0,0,0,0,0,0,0,0,0,0,0,0,0,0,0,0,0,0,0,0,0,0
Indonesia,Aceh,15,5683650,5050168,4946855,129164,18309,10974,11827,19187,26537,21311,24202,36770,69196,40802,47550,49526,41776,59276,34261,50711,46489,46775,28962,30750,32292,30263,39754,47042,0,0,0,0,0,0,0,0,0,0,0,0,0,0,0,0,0,0,0,0,0,0,0,0
Indonesia,Aceh,20,5683650,5029128,4932162,129164,18297,10966,11822,19168,26510,21299,24188,36753,69166,40787,47527,49478,41639,59025,34159,50498,46263,46546,28829,30574,32117,30095,39486,46720,0,0,0,0,0,0,0,0,0,0,0,0,0,0,0,0,0,0,0,0,0,0,0,0
Indonesia,Aceh,25,5683650,5014670,4908701,129164,18289,10961,11818,19156,26495,21295,24181,36746,69148,40779,47513,49451,41567,58898,34109,50373,46141,46416,28758,30474,32020,30014,39341,46528,0,0,0,0,0,0,0,0,0,0,0,0,0,0,0,0,0,0,0,0,0,0,0,0
Indonesia,Aceh,30,5683650,4984708,4879169,129164,18278,10952,11816,19138,26479,21284,24168,36734,69111,40757,47485,49396,41390,58555,33969,50074,45813,46111,28562,30225,31786,29785,38983,46071,10781164,6627106,8026562,11548791,17345183,13845766,15217238,24828757,44802236,25634918,31277948,31813634,24213932,36641364,20419815,29597570,26984846,27851704,17771125,18601460,18974147,16989501,23348363,28174569
Indonesia,Aceh,50,5683650,4865387,4716584,129164,18163,10872,11772,18913,26216,21160,24029,36597,68754,40588,47255,48967,40580,57122,33373,48737,44484,44807,27788,29194,30829,28874,37628,44282,10753690,6602565,8014492,11478585,17277796,13807720,15173845,24791922,44688145,25581007,31205631,31698316,23973518,36112370,20209715,29122951,26512542,27361072,17462940,18198939,18648172,16674395,22830928,27517947
Indonesia,Aceh,75,5683650,4516637,4360782,129164,17429,10365,11449,17645,24735,20191,23030,35555,66126,39169,45421,46308,35713,50092,29886,42783,39072,39277,24544,25220,26687,25036,31719,37230,10516468,6411011,7894827,10981841,16743909,13438239,14782553,24394252,43651127,25007627,30408496,30694096,22090484,33025503,18688911,26581202,24303168,24904708,15968848,16312090,16916321,15183764,20205951,24343374
Indonesia,Bali,0,559070,559070,559070,4012,430,319,181,381,241,521,509,232,384,203,273,1118,1043,2095,195,194,379,478,1200,212,276,350,1092,328,0,0,0,0,0,0,0,0,0,0,0,0,0,0,0,0,0,0,0,0,0,0,0,0
Indonesia,Bali,10,559070,392005,416881,4012,425,314,179,373,238,517,505,230,380,201,222,769,464,1024,140,161,280,319,751,169,209,275,612,182,0,0,0,0,0,0,0,0,0,0,0,0,0,0,0,0,0,0,0,0,0,0,0,0
Indonesia,Bali,15,559070,382739,403446,4012,425,313,179,372,238,517,504,230,378,199,218,760,442,984,138,159,276,315,736,167,207,272,599,180,0,0,0,0,0,0,0,0,0,0,0,0,0,0,0,0,0,0,0,0,0,0,0,0
Indonesia,Bali,20,559070,377802,401646,4012,424,313,179,372,238,516,504,230,377,199,217,753,424,952,135,158,271,309,725,167,204,269,585,174,0,0,0,0,0,0,0,0,0,0,0,0,0,0,0,0,0,0,0,0,0,0,0,0
Indonesia,Bali,25,559070,372071,397749,4012,424,312,179,371,237,515,504,229,377,199,216,749,413,933,134,158,266,306,718,166,201,266,576,173,0,0,0,0,0,0,0,0,0,0,0,0,0,0,0,0,0,0,0,0,0,0,0,0
Indonesia,Bali,30,559070,365485,389702,4012,424,311,179,370,236,515,504,229,377,198,216,743,396,907,133,156,263,302,706,165,199,262,558,168,260325,190618,117400,219024,148261,321987,315182,146969,232894,125464,133383,452548,204263,508923,76643,96433,155514,161045,429538,109182,124862,168103,365681,110329
Indonesia,Bali,50,559070,339179,354362,4012,417,307,178,362,232,508,496,226,369,195,210,715,305,783,116,148,240,286,631,160,185,246,494,147,257906,188849,116765,215700,146671,319604,312753,145530,229762,123896,131230,440874,166232,456840,69748,93582,145659,153706,396466,106763,118422,161038,334362,101222
Indonesia,Bali,75,559070,276608,283879,4012,380,279,171,315,211,468,471,207,335,176,188,606,129,487,77,129,180,239,422,140,153,203,328,105,241903,175459,113567,195332,137171,301669,301325,137015,215008,115315,121368,389900,81007,309625,49831,84484,116830,130431,286802,96999,101769,137349,239630,77260
Indonesia,Bangka Belitung,0,1675803,1675803,1675803,93386,14214,11479,7298,22432,20102,20442,23437,22856,64249,23311,32686,40251,19320,45838,46280,62455,28913,26181,30855,29448,36578,40744,62738,37956,0,0,0,0,0,0,0,0,0,0,0,0,0,0,0,0,0,0,0,0,0,0,0,0
Indonesia,Bangka Belitung,10,1675803,1381794,1309185,93386,14054,11345,7195,22150,19953,20336,23336,22766,64073,23252,32531,39723,17911,42085,42123,58944,26152,23036,26404,25435,31945,35162,52394,32109,0,0,0,0,0,0,0,0,0,0,0,0,0,0,0,0,0,0,0,0,0,0,0,0
Indonesia,Bangka Belitung,15,1675803,1364686,1290370,93386,14016,11322,7179,22096,19921,20311,23310,22741,64024,23236,32494,39646,17816,41836,41872,58728,25984,22847,26120,25178,31644,34817,51736,31765,0,0,0,0,0,0,0,0,0,0,0,0,0,0,0,0,0,0,0,0,0,0,0,0
Indonesia,Bangka Belitung,20,1675803,1354278,1279019,93386,13972,11291,7155,22048,19889,20286,23281,22714,63976,23219,32462,39582,17730,41620,41654,58530,25818,22691,25921,24974,31404,34524,51239,31495,0,0,0,0,0,0,0,0,0,0,0,0,0,0,0,0,0,0,0,0,0,0,0,0
Indonesia,Bangka Belitung,25,1675803,1346270,1266587,93386,13948,11270,7138,22011,19863,20261,23260,22695,63939,23204,32436,39531,17680,41497,41528,58427,25732,22601,25786,24848,31266,34358,50949,31348,0,0,0,0,0,0,0,0,0,0,0,0,0,0,0,0,0,0,0,0,0,0,0,0
Indonesia,Bangka Belitung,30,1675803,1332845,1255814,93386,13910,11247,7124,21976,19839,20241,23237,22678,63896,23187,32400,39451,17575,41246,41281,58203,25558,22426,25529,24628,31006,34052,50388,31059,7005063,5562797,3487235,11477498,10079529,10751927,12008264,11226378,33402713,12361376,16964282,21360184,9630177,22150159,22577478,36821355,12950327,10287578,10721349,12029032,15885973,16706101,24505926,15367547
Indonesia,Bangka Belitung,50,1675803,1260776,1176362,93386,13595,10993,6949,21530,19461,19883,22874,22306,63076,22930,31930,38759,16984,39756,39818,56831,24591,21408,24201,23336,29569,32351,47341,29445,6952404,5509808,3451311,11376096,9980561,10663076,11919270,11140610,33184211,12292404,16839318,21157491,9455077,21665638,22078684,36287753,12619874,9953660,10287512,11583891,15431393,16170349,23530535,14844357
Indonesia,Bangka Belitung,75,1675803,1011600,1010920,93386,12240,9798,6182,19350,17229,17892,20366,19892,56936,20982,28707,35039,14100,32319,32089,47736,19781,16904,18914,18152,23057,24892,34898,22719,6619604,5170028,3220485,10693275,9252353,10039442,11121661,10422368,31180352,11664291,15785099,19819771,8405285,18773779,18841499,31662946,10740196,8272985,8343131,9562673,13016750,13454106,19034132,12374291
Indonesia,Banten,0,935212,935212,935212,10710,1060,1773,295,1417,549,1959,1068,936,2765,1639,2355,3331,2047,2520,3048,2094,3776,3794,5549,2262,2073,1668,4785,4192,0,0,0,0,0,0,0,0,0,0,0,0,0,0,0,0,0,0,0,0,0,0,0,0
Indonesia,Banten,10,935212,602794,576283,10710,1057,1767,293,1411,547,1949,1064,934,2759,1635,2343,3301,1883,2325,2768,2009,3578,3506,4931,2101,1960,1585,3998,3453,0,0,0,0,0,0,0,0,0,0,0,0,0,0,0,0,0,0,0,0,0,0,0,0
Indonesia,Banten,15,935212,589689,558908,10710,1057,1765,293,1410,547,1947,1063,933,2758,1635,2336,3298,1870,2309,2740,1998,3554,3480,4867,2084,1950,1576,3926,3395,0,0,0,0,0,0,0,0,0,0,0,0,0,0,0,0,0,0,0,0,0,0,0,0
Indonesia,Banten,20,935212,583247,555727,10710,1056,1764,293,1407,546,1943,1063,932,2756,1635,2333,3293,1854,2296,2708,1989,3533,3454,4816,2069,1939,1566,3863,3342,0,0,0,0,0,0,0,0,0,0,0,0,0,0,0,0,0,0,0,0,0,0,0,0
Indonesia,Banten,25,935212,575087,549176,10710,1056,1763,293,1406,545,1939,1061,931,2756,1634,2331,3290,1846,2293,2693,1981,3521,3436,4782,2061,1930,1557,3817,3313,0,0,0,0,0,0,0,0,0,0,0,0,0,0,0,0,0,0,0,0,0,0,0,0
Indonesia,Banten,30,935212,561723,536388,10710,1054,1761,293,1404,545,1938,1060,930,2754,1633,2329,3286,1830,2275,2663,1969,3495,3401,4715,2042,1915,1546,3744,3256,618476,1042788,164982,827685,311460,1089522,605411,562003,1701980,983311,1374312,2150205,1100213,1390639,1638703,1155343,2099270,2117123,2857726,1271610,1181129,929614,2388259,2153062
Indonesia,Banten,50,935212,519445,484536,10710,1045,1737,288,1383,540,1907,1052,921,2734,1621,2286,3252,1736,2185,2481,1902,3326,3231,4390,1953,1826,1478,3417,3003,615336,1034634,163399,820616,309667,1078912,602408,558655,1693877,979636,1359251,2136943,1066456,1356372,1567557,1127688,2032886,2046905,2716815,1234942,1145709,904125,2243710,2042695
Indonesia,Banten,75,935212,424438,374914,10710,955,1583,259,1241,493,1651,962,849,2551,1531,2045,3038,1428,1814,1880,1605,2651,2605,3419,1616,1495,1209,2517,2248,582141,971886,150693,760624,290994,972220,564580,526955,1613784,941963,1253088,2044168,926331,1179382,1276695,985087,1707145,1731626,2211228,1066235,986379,776780,1776455,1640474
Indonesia,Bengkulu,0,1981482,1981482,1981482,66292,14301,10483,8145,26054,13181,23647,17614,22383,18792,16034,24647,27868,14561,21061,21208,25524,28906,26146,19890,17681,16777,26758,35547,24649,0,0,0,0,0,0,0,0,0,0,0,0,0,0,0,0,0,0,0,0,0,0,0,0
Indonesia,Bengkulu,10,1981482,1831131,1828797,66292,14239,10445,8119,26014,13158,23612,17594,22369,18769,16022,24594,27796,14233,20482,20413,24643,27582,24941,18529,16581,14678,24230,30692,21501,0,0,0,0,0,0,0,0,0,0,0,0,0,0,0,0,0,0,0,0,0,0,0,0
Indonesia,Bengkulu,15,1981482,1819558,1814338,66292,14227,10438,8115,26007,13152,23605,17591,22366,18765,16019,24585,27787,14209,20437,20349,24569,27479,24839,18429,16500,14568,24092,30441,21352,0,0,0,0,0,0,0,0,0,0,0,0,0,0,0,0,0,0,0,0,0,0,0,0
Indonesia,Bengkulu,20,1981482,1811419,1807308,66292,14216,10431,8110,25999,13149,23599,17587,22360,18761,16017,24578,27777,14187,20389,20292,24502,27389,24753,18344,16429,14464,23984,30233,21198,0,0,0,0,0,0,0,0,0,0,0,0,0,0,0,0,0,0,0,0,0,0,0,0
Indonesia,Bengkulu,25,1981482,1805546,1797268,66292,14211,10426,8108,25993,13146,23594,17584,22358,18759,16016,24572,27774,14176,20365,20258,24456,27343,24707,18294,16388,14415,23924,30126,21128,0,0,0,0,0,0,0,0,0,0,0,0,0,0,0,0,0,0,0,0,0,0,0,0
Indonesia,Bengkulu,30,1981482,1795200,1788505,66292,14198,10421,8104,25985,13142,23589,17580,22353,18756,16012,24563,27761,14153,20320,20197,24378,27232,24624,18200,16311,14326,23800,29912,20998,10135589,7523117,5800440,18343674,9223426,15951261,12489087,15627311,13382843,11253547,18100728,20702595,9464223,13959398,14343184,16964333,18982493,17413860,12357843,11420715,9891659,16676254,19303155,15097704
Indonesia,Bengkulu,50,1981482,1741707,1730435,66292,14097,10377,8067,25900,13105,23507,17530,22299,18704,15975,24494,27661,14021,20052,19865,23913,26639,24113,17680,15890,13818,23155,28795,20276,10113243,7513015,5791240,18318536,9214204,15927773,12472851,15610571,13365863,11241090,18080353,20667878,9416469,13860086,14215653,16785602,18751972,17207636,12141911,11241299,9722052,16444548,18876990,14818457
Indonesia,Bengkulu,75,1981482,1578014,1580929,66292,13623,10080,7856,25279,12796,22833,17072,21859,18336,15675,24040,27043,13363,18776,18540,22048,24270,22051,15838,14051,11789,20582,24889,17813,9947188,7408597,5712177,18057822,9092949,15661944,12289050,15420410,13206118,11112249,17891616,20398547,9111762,13247844,13576661,15875341,17642679,16177420,11224748,10361421,8917641,15252149,17045824,13604465
Indonesia,Gorontalo,0,1204170,1204170,1204170,6432,3550,8111,2819,7027,4263,5283,4361,1810,11393,1583,3027,4091,6583,12173,16219,13913,9717,9821,14425,3599,2691,3470,12034,5632,0,0,0,0,0,0,0,0,0,0,0,0,0,0,0,0,0,0,0,0,0,0,0,0
Indonesia,Gorontalo,10,1204170,1028987,1007206,6432,3516,8052,2810,6977,4251,5263,4342,1802,11314,1575,2993,3951,6037,10633,13773,11397,8212,8340,11553,3137,2297,2937,8825,4801,0,0,0,0,0,0,0,0,0,0,0,0,0,0,0,0,0,0,0,0,0,0,0,0
Indonesia,Gorontalo,15,1204170,1018759,993544,6432,3511,8038,2809,6966,4247,5258,4338,1799,11297,1574,2988,3941,6004,10539,13616,11227,8101,8229,11349,3101,2266,2900,8619,4746,0,0,0,0,0,0,0,0,0,0,0,0,0,0,0,0,0,0,0,0,0,0,0,0
Indonesia,Gorontalo,20,1204170,1013635,990855,6432,3508,8026,2808,6959,4244,5254,4334,1797,11279,1572,2985,3939,5980,10476,13507,11118,8027,8158,11222,3078,2245,2874,8497,4713,0,0,0,0,0,0,0,0,0,0,0,0,0,0,0,0,0,0,0,0,0,0,0,0
Indonesia,Gorontalo,25,1204170,1009995,984738,6432,3504,8021,2806,6956,4243,5252,4333,1797,11272,1571,2981,3935,5969,10446,13446,11053,7984,8114,11153,3065,2235,2860,8421,4691,0,0,0,0,0,0,0,0,0,0,0,0,0,0,0,0,0,0,0,0,0,0,0,0
Indonesia,Gorontalo,30,1204170,1002909,977902,6432,3499,8013,2806,6949,4241,5250,4329,1794,11263,1570,2979,3927,5938,10353,13286,10910,7869,8007,10959,3030,2199,2819,8242,4643,2403487,5583349,2069612,4742109,3057098,3664754,2950708,1193144,7295806,1039060,2003805,2873117,4891935,7987904,9449726,7375405,5219093,5422524,7232751,2153085,1505559,1956899,5633273,3435632
Indonesia,Gorontalo,50,1204170,973874,944298,6432,3463,7928,2797,6883,4221,5215,4297,1780,11144,1557,2947,3882,5831,10044,12744,10383,7474,7614,10269,2918,2095,2682,7575,4454,2392794,5555948,2066426,4720284,3051242,3653713,2940562,1188054,7255853,1034566,1992895,2856442,4851197,7866425,9230429,7159269,5054843,5259405,6937112,2104290,1461061,1896627,5340766,3351777
Indonesia,Gorontalo,75,1204170,905674,880666,6432,3263,7472,2709,6491,4044,4950,4038,1671,10283,1466,2782,3690,5460,8997,11009,8849,6091,6321,8029,2491,1720,2183,5819,3908,2309752,5357793,2032147,4555839,2983802,3545583,2844484,1145233,6899375,999088,1921506,2772053,4677164,7373524,8384041,6405937,4367503,4612345,5788440,1882000,1265094,1629621,4422814,3059508
Indonesia,Jakarta Raya,0,65340,65340,65340,1076,4,0,0,3,1,4,2,2,0,3,4,1,1,0,1,1,2,0,1,3,1,0,12,6,0,0,0,0,0,0,0,0,0,0,0,0,0,0,0,0,0,0,0,0,0,0,0,0
Indonesia,Jakarta Raya,10,65340,5548,2934,1076,4,0,0,1,1,4,2,2,0,2,4,1,0,0,0,0,1,0,0,0,1,0,1,2,0,0,0,0,0,0,0,0,0,0,0,0,0,0,0,0,0,0,0,0,0,0,0,0
Indonesia,Jakarta Raya,15,65340,2757,2133,1076,4,0,0,1,1,4,2,2,0,2,4,1,0,0,0,0,1,0,0,0,1,0,1,2,0,0,0,0,0,0,0,0,0,0,0,0,0,0,0,0,0,0,0,0,0,0,0,0
Indonesia,Jakarta Raya,20,65340,2433,2015,1076,4,0,0,1,1,4,2,2,0,2,4,1,0,0,0,0,1,0,0,0,1,0,1,2,0,0,0,0,0,0,0,0,0,0,0,0,0,0,0,0,0,0,0,0,0,0,0,0
Indonesia,Jakarta Raya,25,65340,1534,1864,1076,4,0,0,1,0,4,2,2,0,2,4,1,0,0,0,0,1,0,0,0,1,0,0,1,0,0,0,0,0,0,0,0,0,0,0,0,0,0,0,0,0,0,0,0,0,0,0,0
Indonesia,Jakarta Raya,30,65340,1302,1551,1076,4,0,0,1,0,4,2,2,0,2,4,1,0,0,0,0,1,0,0,0,1,0,0,0,1002,20,121,673,161,1459,829,120,38,694,900,265,128,0,59,0,459,0,0,45,0,0,156,282
Indonesia,Jakarta Raya,50,65340,706,771,1076,4,0,0,1,0,3,2,1,0,2,3,0,0,0,0,0,0,0,0,0,1,0,0,0,860,0,121,581,71,1307,762,86,38,671,778,187,105,0,32,0,212,0,0,0,0,0,108,222
Indonesia,Jakarta Raya,75,65340,282,293,1076,0,0,0,0,0,1,1,1,0,1,1,0,0,0,0,0,0,0,0,0,0,0,0,0,281,0,18,106,0,573,298,68,19,362,294,60,0,0,0,0,36,0,0,0,0,0,108,73
Indonesia,Jambi,0,4896326,4896326,4896326,204409,47236,45465,21658,98185,71830,122718,121920,127634,126721,36996,49099,154041,69901,81098,63809,163817,92868,74855,72598,82393,77236,80005,101609,99342,0,0,0,0,0,0,0,0,0,0,0,0,0,0,0,0,0,0,0,0,0,0,0,0
Indonesia,Jambi,10,4896326,4556620,4483662,204409,47047,45223,21551,97338,71171,120046,119437,124649,125724,36727,48958,152793,67170,78099,61224,158659,87637,70981,68635,79244,73904,76491,95212,92762,0,0,0,0,0,0,0,0,0,0,0,0,0,0,0,0,0,0,0,0,0,0,0,0
Indonesia,Jambi,15,4896326,4534655,4452516,204409,47015,45188,21537,97277,71122,119930,119331,124551,125667,36713,48944,152710,67026,77899,61037,158243,87227,70685,68352,78997,73680,76248,94803,92329,0,0,0,0,0,0,0,0,0,0,0,0,0,0,0,0,0,0,0,0,0,0,0,0
Indonesia,Jambi,20,4896326,4515431,4423497,204409,46973,45137,21522,97201,71070,119743,119147,124394,125595,36693,48926,152524,66881,77705,60862,157843,86824,70410,68082,78757,73455,75999,94400,91918,0,0,0,0,0,0,0,0,0,0,0,0,0,0,0,0,0,0,0,0,0,0,0,0
Indonesia,Jambi,25,4896326,4503929,4400073,204409,46946,45109,21512,97154,71039,119688,119092,124352,125570,36688,48919,152472,66819,77594,60763,157623,86595,70248,67931,78619,73331,75865,94177,91709,0,0,0,0,0,0,0,0,0,0,0,0,0,0,0,0,0,0,0,0,0,0,0,0
Indonesia,Jambi,30,4896326,4484184,4373114,204409,46911,45074,21497,97086,71003,119577,118972,124204,125511,36678,48905,152388,66707,77432,60611,157246,86203,69978,67673,78387,73131,75657,93816,91324,33838923,36485693,17595846,90868809,62426580,84511396,94719368,104494916,99153690,27040260,35827156,122705274,52585003,56982242,42872357,131627877,58454834,45538792,44214471,57069177,44299867,48864898,58454785,56569960
Indonesia,Jambi,50,4896326,4377663,4155539,204409,46594,44755,21368,96467,70616,118724,118155,123464,125017,36574,48780,151607,66035,76419,59726,154983,83979,68376,66204,76991,72025,74432,91781,89176,33748745,36372143,17545165,90552580,62229850,84065731,94205184,104020483,98845885,26974509,35761294,122217498,52267450,56444941,42413974,130359546,57383946,44790232,43514474,56331129,43852887,48392244,57725729,55782936
Indonesia,Jambi,75,4896326,3933367,3728392,204409,44535,42485,20309,91491,67331,112625,112145,117921,120571,35585,47605,146936,62411,70868,55154,143197,73839,60528,58893,70142,65455,67342,80388,77153,33011438,35337572,17039192,87928171,60525995,81033701,90725043,100674845,96139015,26340925,35166058,119593337,50332144,53309384,39950943,123373462,52251011,40968405,39746480,52635541,40849835,44981281,52746799,50577276
Indonesia,Jawa Barat,0,3705869,3705869,3705869,38744,6838,3886,1996,3746,2353,5316,3074,5166,2920,2662,5630,3946,3174,4460,4516,4341,7133,6203,9891,4367,3433,3375,8119,5797,0,0,0,0,0,0,0,0,0,0,0,0,0,0,0,0,0,0,0,0,0,0,0,0
Indonesia,Jawa Barat,10,3705869,2240152,2191342,38744,6812,3865,1985,3696,2335,5277,3061,5135,2899,2641,5482,3798,2699,3911,3744,3828,5990,4865,7629,3688,2772,2759,6160,4780,0,0,0,0,0,0,0,0,0,0,0,0,0,0,0,0,0,0,0,0,0,0,0,0
Indonesia,Jawa Barat,15,3705869,2163930,2091353,38744,6808,3861,1984,3686,2334,5269,3060,5130,2896,2640,5467,3785,2660,3873,3689,3786,5898,4765,7462,3629,2718,2707,6000,4686,0,0,0,0,0,0,0,0,0,0,0,0,0,0,0,0,0,0,0,0,0,0,0,0
Indonesia,Jawa Barat,20,3705869,2125174,2074910,38744,6806,3857,1983,3676,2330,5263,3059,5127,2891,2639,5454,3776,2631,3833,3629,3746,5824,4686,7310,3577,2674,2668,5878,4615,0,0,0,0,0,0,0,0,0,0,0,0,0,0,0,0,0,0,0,0,0,0,0,0
Indonesia,Jawa Barat,25,3705869,2075885,2034082,38744,6802,3853,1980,3663,2328,5248,3057,5120,2887,2634,5436,3766,2603,3803,3575,3708,5749,4608,7169,3526,2631,2629,5741,4537,0,0,0,0,0,0,0,0,0,0,0,0,0,0,0,0,0,0,0,0,0,0,0,0
Indonesia,Jawa Barat,30,3705869,2007190,1962239,38744,6798,3851,1979,3659,2327,5244,3055,5116,2886,2632,5421,3753,2565,3758,3502,3657,5646,4509,6974,3459,2568,2575,5561,4421,4752443,2561723,1392664,2210110,1520971,3236778,2036807,3418058,1854062,1743773,3470377,2473770,1580772,2327948,2140101,2315385,3383042,2715136,4233448,2169096,1703903,1686067,3631441,2835573
Indonesia,Jawa Barat,50,3705869,1749028,1651420,38744,6745,3781,1956,3478,2285,5051,3019,5002,2834,2590,5238,3667,2389,3504,3126,3400,5146,3983,6013,3138,2282,2324,4777,3902,4735868,2538429,1385218,2143900,1506109,3163962,2024198,3374819,1834330,1728307,3396307,2440525,1510199,2226549,1989033,2210804,3171958,2496050,3817487,2027067,1596747,1578590,3272148,2594678
Indonesia,Jawa Barat,75,3705869,1230679,1087787,38744,6413,3445,1833,2837,2049,4167,2751,4355,2518,2362,4501,3261,1836,2699,2115,2647,3712,2700,3575,2255,1593,1641,3048,2564,4597253,2390633,1325793,1863870,1399181,2767953,1899425,3070656,1683894,1617863,3040889,2238146,1237214,1827507,1477268,1827165,2436214,1841003,2517959,1558567,1237418,1208121,2312597,1834505
Indonesia,Jawa Tengah,0,3443699,3443699,3443699,30174,2717,1962,806,3683,1744,3551,2939,2704,3090,1343,4675,2721,1925,4561,2994,2866,4550,3666,4283,3932,3091,3175,8629,4486,0,0,0,0,0,0,0,0,0,0,0,0,0,0,0,0,0,0,0,0,0,0,0,0
Indonesia,Jawa Tengah,10,3443699,1819604,1727227,30174,2694,1930,796,3626,1725,3510,2917,2678,3070,1333,4568,2507,1293,3162,2003,2380,3670,2794,3059,2980,2283,2265,5469,3114,0,0,0,0,0,0,0,0,0,0,0,0,0,0,0,0,0,0,0,0,0,0,0,0
Indonesia,Jawa Tengah,15,3443699,1723121,1596892,30174,2689,1924,795,3612,1721,3503,2913,2673,3066,1329,4549,2492,1263,3103,1964,2361,3623,2750,2988,2933,2243,2222,5274,3033,0,0,0,0,0,0,0,0,0,0,0,0,0,0,0,0,0,0,0,0,0,0,0,0
Indonesia,Jawa Tengah,20,3443699,1676079,1577062,30174,2684,1910,794,3593,1713,3494,2908,2665,3061,1327,4529,2478,1232,3036,1915,2339,3578,2688,2923,2877,2199,2186,5129,2966,0,0,0,0,0,0,0,0,0,0,0,0,0,0,0,0,0,0,0,0,0,0,0,0
Indonesia,Jawa Tengah,25,3443699,1599447,1523939,30174,2679,1905,792,3579,1707,3484,2905,2660,3057,1326,4517,2460,1206,2958,1861,2314,3525,2632,2850,2818,2157,2139,4942,2875,0,0,0,0,0,0,0,0,0,0,0,0,0,0,0,0,0,0,0,0,0,0,0,0
Indonesia,Jawa Tengah,30,3443699,1507023,1453236,30174,2676,1899,791,3568,1703,3474,2898,2657,3054,1323,4500,2450,1180,2883,1808,2285,3457,2573,2769,2752,2109,2085,4726,2774,1753753,1146233,507158,2141078,1074668,1997626,1796311,1627621,1914603,850285,2763974,1588832,711461,1790802,1129334,1485007,2256994,1684139,1812596,1834118,1505050,1509667,3306770,1987555
Indonesia,Jawa Tengah,50,3443699,1249439,1136284,30174,2618,1792,770,3393,1624,3313,2799,2568,2992,1297,4263,2342,1013,2441,1527,2094,3133,2248,2345,2417,1845,1800,3744,2293,1732544,1102121,498801,2065987,1040370,1927951,1751169,1586522,1886501,838347,2653384,1539448,636433,1576803,989969,1391261,2095250,1517839,1601685,1663750,1378056,1368399,2789554,1722740
Indonesia,Jawa Tengah,75,3443699,820906,690661,30174,2353,1421,669,2628,1281,2312,2229,2061,2532,1144,3376,1943,673,1465,971,1519,2142,1424,1399,1545,1171,1167,2124,1425,1617568,929480,452481,1696565,871253,1443096,1459149,1327747,1648486,757891,2190622,1324431,448998,1013933,664975,1060191,1509110,1032800,1060419,1144512,983780,990246,1799962,1186651
Indonesia,Jawa Timur,0,4799588,4799588,4799588,37376,4265,4102,2934,6600,2872,5844,4475,4050,4343,1665,6724,10788,7550,10850,4283,4117,7697,7217,8601,6428,5277,4314,11718,7778,0,0,0,0,0,0,0,0,0,0,0,0,0,0,0,0,0,0,0,0,0,0,0,0
Indonesia,Jawa Timur,10,4799588,2343479,2360760,37376,4241,4071,2921,6522,2842,5786,4450,4018,4301,1655,5983,8510,3109,7298,3134,3367,5233,4744,5560,5237,3823,3167,7192,5095,0,0,0,0,0,0,0,0,0,0,0,0,0,0,0,0,0,0,0,0,0,0,0,0
Indonesia,Jawa Timur,15,4799588,2211381,2168294,37376,4237,4065,2918,6509,2835,5774,4444,4011,4294,1653,5942,8460,3030,7177,3086,3333,5129,4645,5459,5175,3762,3112,7005,4952,0,0,0,0,0,0,0,0,0,0,0,0,0,0,0,0,0,0,0,0,0,0,0,0
Indonesia,Jawa Timur,20,4799588,2147306,2139113,37376,4233,4060,2914,6493,2830,5763,4438,4006,4287,1649,5908,8401,2928,7057,3038,3295,5020,4551,5365,5116,3694,3059,6842,4853,0,0,0,0,0,0,0,0,0,0,0,0,0,0,0,0,0,0,0,0,0,0,0,0
Indonesia,Jawa Timur,25,4799588,2033555,2067142,37376,4231,4055,2913,6478,2827,5753,4435,4000,4281,1649,5880,8357,2842,6922,2974,3246,4867,4429,5253,5014,3612,2988,6577,4690,0,0,0,0,0,0,0,0,0,0,0,0,0,0,0,0,0,0,0,0,0,0,0,0
Indonesia,Jawa Timur,30,4799588,1917062,1964762,37376,4227,4052,2910,6465,2820,5746,4430,3993,4277,1648,5849,8314,2754,6771,2901,3188,4713,4290,5112,4919,3520,2918,6319,4505,2915024,2711740,1995621,4270837,1811581,3692763,2910073,2601074,2717952,1081261,3645667,5387081,1615593,4112966,1737717,1944186,2834936,2689623,3137536,3048079,2336854,1968694,4275821,2876830
Indonesia,Jawa Timur,50,4799588,1564008,1505619,37376,4184,3989,2882,6274,2752,5613,4356,3916,4199,1626,5508,7926,2206,5940,2512,2869,3961,3647,4399,4353,3077,2565,5153,3634,2901354,2689645,1985765,4199848,1786349,3640741,2881916,2570119,2687703,1072594,3502344,5212485,1378683,3748298,1566912,1802051,2495110,2391195,2807139,2778675,2144137,1805124,3710350,2457028
Indonesia,Jawa Timur,75,4799588,1050616,910196,37376,3975,3672,2754,5504,2490,5012,3958,3493,3783,1495,4403,6951,1404,4235,1646,2156,2581,2475,3048,3356,2159,1799,3313,2216,2816450,2551917,1928735,3858856,1665366,3362998,2699484,2373395,2498448,1011614,2974928,4733157,987891,2888644,1122385,1439707,1771176,1765827,2088164,2255509,1653097,1377833,2667681,1681817
Indonesia,Kalimantan Barat,0,14687396,14687396,14687396,501434,78629,97643,56185,114450,104977,131612,133158,204251,289834,153152,264103,315895,206251,304715,277785,300867,192852,171670,153225,130020,118359,148312,225557,188506,0,0,0,0,0,0,0,0,0,0,0,0,0,0,0,0,0,0,0,0,0,0,0,0
Indonesia,Kalimantan Barat,10,14687396,13872577,13392891,501434,78220,97194,56060,114158,104755,131240,132502,203357,289263,152845,263282,313871,201407,295058,270526,290520,184547,162825,145803,124078,111012,140280,211801,177991,0,0,0,0,0,0,0,0,0,0,0,0,0,0,0,0,0,0,0,0,0,0,0,0
Indonesia,Kalimantan Barat,15,14687396,13792503,13282419,501434,78154,97112,56034,114096,104694,131148,132374,203168,289064,152751,263029,313477,200922,294103,269794,289388,183666,161803,145013,123472,110428,139426,210230,176733,0,0,0,0,0,0,0,0,0,0,0,0,0,0,0,0,0,0,0,0,0,0,0,0
Indonesia,Kalimantan Barat,20,14687396,13745698,13229536,501434,78046,96988,56005,114023,104647,131047,132246,202971,288901,152667,262875,313202,200463,293256,269171,288472,182938,161062,144454,123001,109993,138846,209174,175879,0,0,0,0,0,0,0,0,0,0,0,0,0,0,0,0,0,0,0,0,0,0,0,0
Indonesia,Kalimantan Barat,25,14687396,13707126,13153856,501434,77998,96928,55988,113976,104611,130994,132170,202843,288766,152603,262703,312920,200129,292651,268722,287765,182405,160448,143985,122640,109668,138395,208324,175194,0,0,0,0,0,0,0,0,0,0,0,0,0,0,0,0,0,0,0,0,0,0,0,0
Indonesia,Kalimantan Barat,30,14687396,13640399,13087716,501434,77940,96866,55967,113923,104566,130920,132081,202683,288604,152522,262481,312530,199514,291474,267806,286374,181330,159317,143107,121935,109033,137501,206711,173923,49626490,62610050,37665223,77175968,74990269,93620771,100123271,138402392,220589594,116036000,213023846,249209663,163462613,221269455,202053308,183511593,110336586,97466586,91605889,77365801,68307384,84718166,126852812,109650190
Indonesia,Kalimantan Barat,50,14687396,13273273,12648398,501434,77313,96087,55709,113172,103938,129901,130951,200488,285958,151246,259987,309004,195283,283298,261552,277232,174614,152164,137375,117592,105302,132339,197442,166701,49546872,62473567,37602458,77006766,74844190,93415516,99884942,137967023,220088372,115773335,212502012,248303940,162208901,218539652,199772693,180195030,107951471,94842116,89307336,75729549,67015140,82909997,123404529,106887217
Indonesia,Kalimantan Barat,75,14687396,12015168,11656459,501434,73510,90751,53279,107144,98753,122677,123794,186370,269102,142208,245556,290171,174114,245180,229884,233931,144645,123531,114593,98497,88261,111366,161977,138009,48619194,60869107,36766899,75007333,73099699,91339968,97725685,134146984,215565372,113297858,208285515,241806638,154108978,202317651,185640026,161691532,95605498,82814367,79137426,67549186,60108349,74539018,108703906,94473975
Indonesia,Kalimantan Selatan,0,3737249,3737249,3737249,262789,19816,24870,18595,42634,25567,54520,29815,18857,61073,26534,49154,69510,41678,76644,81249,72924,43457,44821,53233,24843,30509,24442,69565,39120,0,0,0,0,0,0,0,0,0,0,0,0,0,0,0,0,0,0,0,0,0,0,0,0
Indonesia,Kalimantan Selatan,10,3737249,2995023,2986490,262789,19373,24555,18488,42204,25471,54269,29691,18778,60745,26332,48609,67626,36873,68509,75068,67198,38512,38856,45934,21728,23048,18818,54096,29420,0,0,0,0,0,0,0,0,0,0,0,0,0,0,0,0,0,0,0,0,0,0,0,0
Indonesia,Kalimantan Selatan,15,3737249,2932679,2908563,262789,19280,24498,18463,42124,25454,54209,29667,18757,60660,26302,48499,67400,36591,67876,74572,66749,38177,38429,45422,21492,22600,18494,53192,28873,0,0,0,0,0,0,0,0,0,0,0,0,0,0,0,0,0,0,0,0,0,0,0,0
Indonesia,Kalimantan Selatan,20,3737249,2896149,2877586,262789,19155,24425,18436,41998,25425,54123,29626,18730,60576,26251,48412,67148,36322,67301,74120,66360,37898,38075,45017,21297,22206,18169,52487,28472,0,0,0,0,0,0,0,0,0,0,0,0,0,0,0,0,0,0,0,0,0,0,0,0
Indonesia,Kalimantan Selatan,25,3737249,2860986,2828731,262789,19034,24370,18419,41926,25410,54064,29605,18710,60523,26228,48347,67011,36171,66952,73851,66125,37744,37887,44749,21192,21999,18008,52043,28229,0,0,0,0,0,0,0,0,0,0,0,0,0,0,0,0,0,0,0,0,0,0,0,0
Indonesia,Kalimantan Selatan,30,3737249,2818008,2781604,262789,18967,24324,18403,41871,25392,54016,29584,18696,60466,26199,48257,66809,35960,66373,73379,65747,37465,37578,44331,21000,21668,17769,51434,27839,10601060,13862311,10740653,25669861,14717806,31049828,17430865,10785556,37200432,16355863,29823913,46971865,23862418,44435366,52781490,42633774,22647185,22164632,26275063,12814017,12667305,9559874,29899991,16120868
Indonesia,Kalimantan Selatan,50,3737249,2585069,2517599,262789,18303,23820,18174,40988,25120,53112,29202,18346,59304,25696,47217,64445,34162,62242,69937,63129,35932,35835,41761,19948,20146,16640,48020,25770,10546510,13801772,10694860,25516092,14660924,30859281,17342882,10686950,36936796,16250577,29558449,46126994,23183302,42834004,51255930,41403762,22078792,21473267,25091267,12371886,12271711,9216192,28624294,15412942
Indonesia,Kalimantan Selatan,75,3737249,2128450,2076741,262789,16405,21649,16688,36786,23357,48256,26848,15965,52709,22751,42083,54176,26027,46270,55633,51408,30570,29866,33960,16489,15518,12271,37267,18873,10150560,13220051,10177598,24008482,14114136,29382216,16550154,9753625,34795834,15389667,27836008,40958719,19453831,34716232,43252676,34587227,19974090,18897057,21480882,10906594,10973395,8010311,24735486,13086794
Indonesia,Kalimantan Tengah,0,15371159,15371159,15371159,619162,64894,104290,129721,172638,160211,224571,292704,205873,195238,142714,140128,221998,109638,207354,224479,508259,110685,117846,131471,97003,59515,80768,166993,137907,0,0,0,0,0,0,0,0,0,0,0,0,0,0,0,0,0,0,0,0,0,0,0,0
Indonesia,Kalimantan Tengah,10,15371159,14449735,14161914,619162,64402,103456,129373,171014,159186,223068,292206,205295,194793,142522,139686,219766,104544,199649,216437,496740,104615,112110,124180,91751,54385,74464,150081,122152,0,0,0,0,0,0,0,0,0,0,0,0,0,0,0,0,0,0,0,0,0,0,0,0
Indonesia,Kalimantan Tengah,15,15371159,14371264,14051483,619162,64316,103296,129304,170684,158998,222741,292074,205100,194671,142466,139585,219534,104186,198984,215737,495644,104102,111623,123578,91369,54006,73934,148504,121058,0,0,0,0,0,0,0,0,0,0,0,0,0,0,0,0,0,0,0,0,0,0,0,0
Indonesia,Kalimantan Tengah,20,15371159,14320828,14003780,619162,64208,103114,129228,170314,158834,222381,291926,204929,194562,142419,139496,219254,103804,198331,215027,494680,103665,111155,123032,91050,53704,73518,147307,120221,0,0,0,0,0,0,0,0,0,0,0,0,0,0,0,0,0,0,0,0,0,0,0,0
Indonesia,Kalimantan Tengah,25,15371159,14278849,13929247,619162,64153,102997,129177,170075,158674,222135,291823,204790,194475,142386,139424,219111,103613,197927,214562,494029,103378,110849,122687,90826,53493,73217,146380,119597,0,0,0,0,0,0,0,0,0,0,0,0,0,0,0,0,0,0,0,0,0,0,0,0
Indonesia,Kalimantan Tengah,30,15371159,14220881,13853651,619162,64076,102874,129122,169837,158552,221893,291717,204626,194376,142342,139335,218881,103285,197213,213840,492975,102894,110369,122143,90490,53159,72734,144866,118639,42220392,74151771,147052676,115601806,109855751,148088017,291244104,142000086,145533154,107073467,100394491,161281420,75334314,145179410,172198968,479684517,69126749,76187310,86475205,60914533,33362598,46339431,91559754,76649894
Indonesia,Kalimantan Tengah,50,15371159,13834325,13361493,619162,63402,101594,128443,167217,156863,218707,290127,202526,192709,141733,138180,216789,101033,191128,207503,483231,99409,106266,117578,88162,51271,69691,134097,112556,42134538,73945247,146876809,115179584,109548735,147592776,290936842,141632017,145208578,106938484,100114020,160657356,74670867,142798868,169167910,473721958,67697531,74304779,83835922,59788689,32709383,45180030,86352832,74056162
Indonesia,Kalimantan Tengah,75,15371159,12722550,12277646,619162,60004,94713,123150,153890,146941,203063,280261,191884,182309,137448,130775,205376,91114,164916,178557,438006,86645,89627,96430,78637,45112,60206,103958,94236,41093087,71354076,143938943,110862423,106025371,143367474,286996335,138741448,141874121,105618396,97597080,155270163,70731699,129538317,151865770,442759291,61898552,65170441,69316203,54738940,30554449,41602918,71768224,66051945
Indonesia,Kalimantan Timur,0,12585065,12585065,12585065,276765,46918,58138,37329,72265,67443,129641,123579,106310,212969,107812,183190,258990,155071,223932,196083,341241,144735,158998,141641,99488,78502,67187,150741,122883,0,0,0,0,0,0,0,0,0,0,0,0,0,0,0,0,0,0,0,0,0,0,0,0
Indonesia,Kalimantan Timur,10,12585065,11872406,11447341,276765,46293,57724,37103,71787,66998,128815,122547,105621,212119,107494,182474,256608,148951,214045,186450,320593,136548,150171,134011,93570,75069,62884,138553,113517,0,0,0,0,0,0,0,0,0,0,0,0,0,0,0,0,0,0,0,0,0,0,0,0
Indonesia,Kalimantan Timur,15,12585065,11820669,11377024,276765,46223,57653,37066,71711,66929,128666,122363,105488,211949,107427,182357,256340,148517,213313,185717,318747,135890,149429,133440,93034,74751,62473,137254,112576,0,0,0,0,0,0,0,0,0,0,0,0,0,0,0,0,0,0,0,0,0,0,0,0
Indonesia,Kalimantan Timur,20,12585065,11786309,11338295,276765,46118,57553,37027,71615,66833,128468,122137,105317,211770,107357,182242,256056,148121,212639,185037,317272,135325,148853,132955,92623,74507,62185,136353,111888,0,0,0,0,0,0,0,0,0,0,0,0,0,0,0,0,0,0,0,0,0,0,0,0
Indonesia,Kalimantan Timur,25,12585065,11760581,11293744,276765,46063,57492,37000,71555,66795,128369,122044,105239,211653,107312,182167,255890,147877,212210,184622,316048,134946,148420,132607,92304,74338,61952,135612,111331,0,0,0,0,0,0,0,0,0,0,0,0,0,0,0,0,0,0,0,0,0,0,0,0
Indonesia,Kalimantan Timur,30,12585065,11718039,11239771,276765,45977,57425,36975,71496,66742,128253,121912,105149,211515,107241,182064,255656,147487,211485,183872,313958,134297,147742,132059,91821,74061,61563,134307,110376,27360852,34117200,23331304,42881456,41221767,77996547,75445749,65828559,132568141,73268917,128207918,185383993,105915945,148028973,129229278,200410821,93894983,106195817,97175202,66906288,53317833,42445205,90358293,73938627
Indonesia,Kalimantan Timur,50,12585065,11466744,10910243,276765,45265,56717,36619,70745,66122,126821,120314,103894,209497,106348,180918,253618,145040,207102,179506,302148,130275,143781,128569,89100,72535,59555,127733,105598,27236186,33988815,23264086,42733650,41058065,77595946,74945516,65408221,132026324,73055077,127845432,184551501,104882603,146298367,127478448,195414613,92115155,104215295,95299181,65402609,52663552,41608292,87450175,71850687
Indonesia,Kalimantan Timur,75,12585065,10541785,10182707,276765,41736,52617,34345,66104,61733,117211,109849,95282,195202,100223,172875,238961,129106,180720,155165,247181,111110,125663,113029,76496,64478,51832,107335,89627,26330610,32804591,22628270,41342740,39487569,74050534,70824736,61930965,127214344,70928630,124665419,177452902,96896705,133694064,115874714,168536532,81995437,93916214,86008025,57678614,48232857,37801763,77587449,64473185
Indonesia,Kalimantan Utara,0,7012553,7012553,7012553,30823,27257,23722,16742,36648,24219,24338,31257,40101,51891,30095,41983,60862,32530,60766,49810,40481,35137,38012,30468,25495,20000,18284,28262,21225,0,0,0,0,0,0,0,0,0,0,0,0,0,0,0,0,0,0,0,0,0,0,0,0
Indonesia,Kalimantan Utara,10,7012553,6862161,6771003,30823,27101,23632,16666,36399,24005,24141,30866,39840,51742,29968,41788,60488,31931,59268,48077,38774,33986,37029,29518,24646,19385,17735,26737,20128,0,0,0,0,0,0,0,0,0,0,0,0,0,0,0,0,0,0,0,0,0,0,0,0
Indonesia,Kalimantan Utara,15,7012553,6850354,6749281,30823,27089,23622,16658,36376,23986,24133,30850,39826,51729,29962,41780,60465,31906,59199,48012,38692,33921,36962,29457,24588,19343,17703,26620,20073,0,0,0,0,0,0,0,0,0,0,0,0,0,0,0,0,0,0,0,0,0,0,0,0
Indonesia,Kalimantan Utara,20,7012553,6845511,6743392,30823,27076,23614,16654,36358,23968,24124,30829,39807,51715,29954,41767,60426,31878,59135,47937,38612,33865,36906,29411,24543,19309,17678,26554,20025,0,0,0,0,0,0,0,0,0,0,0,0,0,0,0,0,0,0,0,0,0,0,0,0
Indonesia,Kalimantan Utara,25,7012553,6842447,6733543,30823,27070,23609,16651,36350,23964,24122,30824,39805,51711,29951,41763,60416,31865,59101,47903,38568,33830,36872,29382,24517,19291,17665,26512,19998,0,0,0,0,0,0,0,0,0,0,0,0,0,0,0,0,0,0,0,0,0,0,0,0
Indonesia,Kalimantan Utara,30,7012553,6837686,6724104,30823,27060,23604,16648,36334,23948,24116,30813,39795,51702,29944,41756,60396,31842,59037,47844,38488,33775,36813,29326,24481,19260,17636,26441,19954,19341740,16603990,11813601,26651952,17285858,17979152,23003238,32121894,41983041,24417359,37909107,56397829,30264091,54653575,47042639,28230272,25163499,27279257,21270456,17310809,14290997,13016817,19352139,14535488
Indonesia,Kalimantan Utara,50,7012553,6808371,6661726,30823,26858,23497,16583,36195,23851,24028,30654,39675,51600,29888,41674,60223,31655,58580,47374,37890,33316,36369,28961,24176,19034,17450,26000,19672,19247804,16564379,11792726,26617548,17260412,17953801,22954786,32083534,41945634,24397899,37875441,56329751,30192536,54480254,46850508,27970434,24976850,27091076,21118626,17187978,14219660,12953769,19208419,14441387
Indonesia,Kalimantan Utara,75,7012553,6712816,6530439,30823,25792,22778,16127,35287,23199,23500,29826,38898,50899,29449,41213,59377,30905,56885,45748,35873,31711,34792,27633,23069,18221,16848,24667,18708,18735699,16253656,11598394,26282755,17033865,17777180,22644752,31762410,41644599,24214792,37675830,55890043,29837445,53694678,46056208,27032327,24245820,26363826,20503827,16683458,13888913,12694487,18667483,14065996
Indonesia,Kepulauan Riau,0,827637,827637,827637,20169,1731,5579,1788,4566,8150,5456,2707,8731,5251,4821,6981,9488,4967,20334,6440,13870,8750,7809,10302,9827,4913,3148,4253,3170,0,0,0,0,0,0,0,0,0,0,0,0,0,0,0,0,0,0,0,0,0,0,0,0
Indonesia,Kepulauan Riau,10,827637,705552,687029,20169,1725,5552,1781,4547,8122,5443,2697,8718,5242,4808,6963,9411,4808,19505,5996,13253,8178,6470,9126,8963,4495,2917,3485,2732,0,0,0,0,0,0,0,0,0,0,0,0,0,0,0,0,0,0,0,0,0,0,0,0
Indonesia,Kepulauan Riau,15,827637,699851,679385,20169,1722,5546,1780,4543,8113,5439,2694,8715,5241,4804,6956,9400,4795,19430,5958,13199,8119,6411,9061,8911,4463,2893,3436,2695,0,0,0,0,0,0,0,0,0,0,0,0,0,0,0,0,0,0,0,0,0,0,0,0
Indonesia,Kepulauan Riau,20,827637,696882,676414,20169,1722,5539,1778,4540,8108,5437,2692,8713,5238,4802,6952,9393,4784,19365,5932,13154,8078,6359,9004,8869,4442,2877,3411,2676,0,0,0,0,0,0,0,0,0,0,0,0,0,0,0,0,0,0,0,0,0,0,0,0
Indonesia,Kepulauan Riau,25,827637,694238,671852,20169,1720,5534,1777,4537,8101,5434,2690,8709,5236,4800,6949,9386,4776,19308,5907,13123,8046,6327,8960,8838,4424,2865,3386,2657,0,0,0,0,0,0,0,0,0,0,0,0,0,0,0,0,0,0,0,0,0,0,0,0
Indonesia,Kepulauan Riau,30,827637,689780,666857,20169,1719,5529,1775,4533,8092,5433,2688,8706,5234,4797,6945,9375,4763,19231,5869,13058,7993,6266,8888,8779,4391,2845,3343,2623,950861,3032378,1004387,2430997,4393452,3085049,1477674,4805679,2959989,2717646,4023768,5569448,2926094,10628370,3215468,6683777,4153721,3286840,4512761,4743478,2380199,1560701,1863024,1463611
Indonesia,Kepulauan Riau,50,827637,667261,632112,20169,1690,5435,1744,4481,7977,5381,2645,8646,5192,4738,6882,9270,4663,18687,5616,12670,7678,5950,8491,8418,4202,2727,3136,2445,943833,3007955,996062,2416966,4362020,3070990,1465559,4788197,2947623,2700390,4004004,5537290,2896257,10463238,3130610,6546116,4045387,3173103,4370484,4604471,2318947,1522470,1789749,1401447
Indonesia,Kepulauan Riau,75,827637,595343,567141,20169,1544,4935,1606,4187,7255,5099,2403,8267,4918,4387,6484,8735,4191,16508,4669,10927,6513,4867,7063,7090,3455,2289,2519,1948,895512,2833211,947642,2312530,4109536,2968989,1382581,4657323,2848113,2580179,3858401,5338589,2712544,9691413,2776019,5813306,3593011,2743014,3788484,3993609,2036252,1356855,1554077,1204978
Indonesia,Lampung,0,3348719,3348719,3348719,165767,10563,9514,5047,10727,9547,14251,15812,16386,23579,14319,17136,32080,6282,15474,22366,27178,19800,20245,25970,16197,14385,12098,41877,25272,0,0,0,0,0,0,0,0,0,0,0,0,0,0,0,0,0,0,0,0,0,0,0,0
Indonesia,Lampung,10,3348719,1939865,1921706,165767,10422,9418,5010,10613,9415,14148,15697,16271,23348,14198,16905,30715,5316,11873,15078,17332,12566,11236,14451,10191,8318,7575,23636,14277,0,0,0,0,0,0,0,0,0,0,0,0,0,0,0,0,0,0,0,0,0,0,0,0
Indonesia,Lampung,15,3348719,1883304,1844060,165767,10401,9397,5003,10592,9389,14121,15670,16251,23297,14171,16867,30602,5267,11709,14738,16981,12302,10930,13998,9945,8071,7392,22954,13813,0,0,0,0,0,0,0,0,0,0,0,0,0,0,0,0,0,0,0,0,0,0,0,0
Indonesia,Lampung,20,3348719,1852504,1812024,165767,10374,9375,4994,10563,9358,14087,15632,16218,23230,14137,16821,30493,5221,11576,14503,16697,12105,10710,13684,9771,7894,7254,22487,13513,0,0,0,0,0,0,0,0,0,0,0,0,0,0,0,0,0,0,0,0,0,0,0,0
Indonesia,Lampung,25,3348719,1825690,1766953,165767,10357,9362,4986,10544,9340,14068,15612,16195,23190,14117,16791,30429,5196,11500,14376,16534,11987,10576,13490,9664,7788,7170,22175,13314,0,0,0,0,0,0,0,0,0,0,0,0,0,0,0,0,0,0,0,0,0,0,0,0
Indonesia,Lampung,30,3348719,1783131,1728342,165767,10335,9346,4981,10520,9319,14046,15584,16173,23141,14090,16755,30337,5150,11365,14132,16242,11761,10337,13177,9472,7605,7023,21635,12943,5670528,5294687,2998867,5711808,4855209,7593744,8008809,9014570,11909937,7268716,8765231,16286859,2868658,6464907,8232115,9822903,7176394,6022118,7359432,4932831,4736570,4211817,13073360,8411703
Indonesia,Lampung,50,3348719,1612454,1502398,165767,10096,9109,4892,10226,8994,13644,15169,15780,22351,13696,16201,29236,4893,10597,12909,14966,10763,9289,11776,8604,6779,6405,19424,11419,5613577,5226712,2975117,5627092,4760205,7471830,7881805,8892888,11656813,7141095,8580029,15894408,2779141,6171716,7712219,9289583,6758242,5569773,6764154,4553036,4415831,3962237,12171845,7775716
Indonesia,Lampung,75,3348719,1240834,1083447,165767,9171,8098,4453,8882,7495,11632,13036,13839,18733,11694,13894,24497,4022,8256,9544,11356,8176,6762,8408,6266,4849,4715,13531,7670,5334587,4866177,2817135,5164505,4210922,6734152,7106454,8174162,10298590,6395752,7711022,13943426,2395313,5115548,6066729,7419293,5465290,4315433,5189487,3462012,3555018,3177669,9486317,6033793
Indonesia,Maluku,0,4634756,4634756,4634756,19012,4566,14649,4320,7391,5623,12451,4467,2945,13469,4413,9475,11559,5197,17853,51242,28650,7748,12041,20296,6165,4069,5510,19763,6040,0,0,0,0,0,0,0,0,0,0,0,0,0,0,0,0,0,0,0,0,0,0,0,0
Indonesia,Maluku,10,4634756,4208948,4206901,19012,4552,14621,4314,7379,5613,12435,4461,2939,13444,4403,9405,11410,4765,15682,49387,27856,7409,11342,17625,5767,3791,5133,15132,5350,0,0,0,0,0,0,0,0,0,0,0,0,0,0,0,0,0,0,0,0,0,0,0,0
Indonesia,Maluku,15,4634756,4186066,4178359,19012,4548,14613,4312,7375,5611,12430,4458,2937,13440,4401,9399,11397,4732,15512,49259,27789,7385,11288,17468,5733,3768,5109,14819,5296,0,0,0,0,0,0,0,0,0,0,0,0,0,0,0,0,0,0,0,0,0,0,0,0
Indonesia,Maluku,20,4634756,4174202,4170820,19012,4544,14606,4310,7372,5609,12425,4458,2936,13433,4399,9391,11390,4710,15405,49150,27734,7370,11254,17353,5710,3754,5092,14638,5267,0,0,0,0,0,0,0,0,0,0,0,0,0,0,0,0,0,0,0,0,0,0,0,0
Indonesia,Maluku,25,4634756,4163300,4155704,19012,4541,14602,4309,7368,5608,12421,4457,2936,13429,4398,9385,11383,4695,15343,49090,27696,7358,11231,17291,5694,3745,5082,14512,5242,0,0,0,0,0,0,0,0,0,0,0,0,0,0,0,0,0,0,0,0,0,0,0,0
Indonesia,Maluku,30,4634756,4147416,4140188,19012,4540,14596,4307,7367,5605,12417,4456,2934,13425,4397,9380,11375,4668,15224,48979,27623,7333,11187,17179,5660,3727,5059,14304,5198,3102087,10272420,2987945,5165836,3962250,8876804,3131701,2001727,9538812,3293506,6986313,8416377,3359208,10167410,30025936,17247408,5231878,7896209,12066806,3871305,2647823,3614175,9332047,3611267
Indonesia,Maluku,50,4634756,4072180,4045125,19012,4512,14524,4289,7334,5585,12369,4441,2920,13353,4383,9306,11298,4528,14524,48284,27113,7217,10953,16494,5477,3648,4947,13139,4965,3094284,10250105,2981949,5154957,3954726,8861376,3126339,1996614,9513487,3288345,6960065,8388274,3309070,9920601,29780685,17048428,5185033,7804355,11805008,3798705,2615720,3568095,8872784,3516056
Indonesia,Maluku,75,4634756,3878963,3854034,19012,4330,13960,4167,7090,5427,12026,4329,2819,12848,4276,8911,10877,4064,12029,44913,24985,6752,10043,14421,4894,3375,4563,10234,4300,3017124,10013189,2928685,5049603,3884134,8715356,3080009,1953745,9288027,3240329,6787371,8194451,3102854,8798115,28256164,16055837,4955819,7359350,10806191,3516822,2482087,3376839,7457911,3182982
Indonesia,Maluku Utara,0,3150849,3150849,3150849,7723,7368,23439,10046,12055,6423,16127,5357,4960,13488,6073,5754,9039,6894,18294,46078,27165,10713,12603,14548,7579,6167,6482,12400,7449,0,0,0,0,0,0,0,0,0,0,0,0,0,0,0,0,0,0,0,0,0,0,0,0
Indonesia,Maluku Utara,10,3150849,3086545,3075791,7723,7359,23414,10040,12047,6419,16118,5354,4957,13480,6070,5749,9017,6804,18043,45580,26933,10616,12428,14258,7456,6068,6385,12012,7340,0,0,0,0,0,0,0,0,0,0,0,0,0,0,0,0,0,0,0,0,0,0,0,0
Indonesia,Maluku Utara,15,3150849,3081834,3068546,7723,7358,23410,10040,12046,6419,16116,5353,4957,13479,6070,5748,9015,6797,18025,45549,26915,10608,12415,14233,7446,6061,6379,11977,7330,0,0,0,0,0,0,0,0,0,0,0,0,0,0,0,0,0,0,0,0,0,0,0,0
Indonesia,Maluku Utara,20,3150849,3078992,3066698,7723,7356,23408,10039,12045,6418,16115,5353,4956,13477,6069,5747,9012,6790,18011,45507,26896,10601,12400,14206,7437,6054,6371,11949,7322,0,0,0,0,0,0,0,0,0,0,0,0,0,0,0,0,0,0,0,0,0,0,0,0
Indonesia,Maluku Utara,25,3150849,3076830,3063015,7723,7355,23405,10039,12044,6418,16113,5353,4956,13477,6069,5747,9012,6786,17999,45491,26884,10598,12392,14193,7433,6049,6367,11930,7317,0,0,0,0,0,0,0,0,0,0,0,0,0,0,0,0,0,0,0,0,0,0,0,0
Indonesia,Maluku Utara,30,3150849,3073260,3058394,7723,7354,23402,10039,12043,6418,16112,5353,4956,13474,6067,5746,9010,6781,17979,45451,26859,10589,12375,14166,7423,6041,6358,11895,7303,5328270,16856591,6295815,9026573,4839832,12155350,4015715,3739948,10187823,4719712,4375824,6856331,5370606,14161059,32210077,16672860,8189078,9463775,10846791,5722695,4726723,4975151,9333767,5735495
Indonesia,Maluku Utara,50,3150849,3053842,3025634,7723,7339,23364,10029,12029,6412,16098,5350,4949,13462,6065,5734,8989,6738,17856,45212,26723,10536,12271,13994,7359,5995,6307,11703,7241,5323851,16845432,6293199,9022997,4838225,12150440,4014663,3737723,10183923,4718357,4371809,6848647,5354346,14111659,32123590,16626403,8166940,9421762,10774331,5695365,4706992,4953178,9249105,5707813
Indonesia,Maluku Utara,75,3150849,2980357,2948858,7723,7231,22964,9876,11912,6356,15941,5309,4903,13316,6024,5678,8878,6525,17268,43664,26017,10235,11809,13287,7073,5764,6075,11041,6952,5279970,16674334,6236553,8970665,4811872,12078896,3997100,3717376,10117859,4699153,4347093,6796204,5247665,13810957,31359001,16308131,8005933,9180318,10387206,5543324,4575261,4820242,8869713,5543767
Indonesia,Nusa Tenggara Barat,0,1967050,1967050,1967050,11369,2935,2710,1738,4627,2053,2528,2013,2781,1975,1153,2445,3428,2250,9779,5423,5140,8107,11449,11808,8603,6145,7102,14085,8116,0,0,0,0,0,0,0,0,0,0,0,0,0,0,0,0,0,0,0,0,0,0,0,0
Indonesia,Nusa Tenggara Barat,10,1967050,1202001,1251802,11369,2896,2690,1729,4582,2042,2502,2004,2758,1963,1149,2370,3153,1607,7431,4552,4150,6411,8502,9031,6801,4966,5807,10413,6367,0,0,0,0,0,0,0,0,0,0,0,0,0,0,0,0,0,0,0,0,0,0,0,0
Indonesia,Nusa Tenggara Barat,15,1967050,1181956,1212105,11369,2892,2687,1726,4575,2041,2498,2001,2751,1960,1149,2356,3141,1584,7336,4511,4108,6344,8381,8915,6728,4908,5748,10264,6297,0,0,0,0,0,0,0,0,0,0,0,0,0,0,0,0,0,0,0,0,0,0,0,0
Indonesia,Nusa Tenggara Barat,20,1967050,1168940,1203200,11369,2888,2679,1723,4563,2038,2492,1998,2743,1956,1148,2341,3132,1569,7264,4480,4082,6291,8303,8841,6683,4884,5706,10160,6250,0,0,0,0,0,0,0,0,0,0,0,0,0,0,0,0,0,0,0,0,0,0,0,0
Indonesia,Nusa Tenggara Barat,25,1967050,1153052,1184538,11369,2885,2677,1721,4559,2037,2490,1995,2740,1954,1146,2335,3126,1557,7226,4463,4065,6256,8248,8793,6656,4865,5674,10072,6213,0,0,0,0,0,0,0,0,0,0,0,0,0,0,0,0,0,0,0,0,0,0,0,0
Indonesia,Nusa Tenggara Barat,30,1967050,1134688,1168565,11369,2882,2675,1719,4554,2035,2486,1993,2735,1952,1146,2327,3118,1540,7148,4435,4028,6195,8144,8705,6598,4816,5616,9928,6153,1778858,1611040,977513,2760908,1226044,1439702,1169479,1510575,1098667,707131,1275580,1889978,807484,3754861,2368835,2181863,3398339,4504920,4815213,3713738,2851398,3339140,5833652,3756477
Indonesia,Nusa Tenggara Barat,50,1967050,1065482,1087442,11369,2838,2642,1698,4491,2008,2433,1960,2681,1922,1135,2242,3069,1423,6699,4256,3822,5831,7620,8190,6255,4592,5274,9225,5840,1764942,1600014,970426,2738969,1217604,1421773,1158426,1493017,1088057,703663,1246891,1873192,765523,3591583,2302684,2107334,3265475,4309927,4622930,3585890,2767069,3210650,5552895,3632038
Indonesia,Nusa Tenggara Barat,75,1967050,928978,929877,11369,2616,2478,1535,4148,1879,2217,1809,2463,1779,1094,1901,2863,1141,5330,3637,3200,4740,5989,6739,5370,3816,4363,7265,4940,1676589,1533637,907100,2595395,1166963,1331523,1098058,1405088,1028192,685845,1107123,1781031,641712,2986936,2031535,1836721,2790268,3575663,3981939,3203158,2415835,2792550,4626969,3208648
Indonesia,Nusa Tenggara Timur,0,4644369,4644369,4644369,31755,4778,4669,3905,4787,5129,7079,5119,4525,5979,1813,8103,5449,3843,16734,12295,12472,16048,8672,13028,9713,13154,10085,14763,10649,0,0,0,0,0,0,0,0,0,0,0,0,0,0,0,0,0,0,0,0,0,0,0,0
Indonesia,Nusa Tenggara Timur,10,4644369,2633119,2488627,31755,4751,4638,3876,4733,5084,7027,5070,4483,5944,1794,7928,4763,2459,10713,8405,8406,11594,5793,8706,7136,10503,7709,10012,7273,0,0,0,0,0,0,0,0,0,0,0,0,0,0,0,0,0,0,0,0,0,0,0,0
Indonesia,Nusa Tenggara Timur,15,4644369,2567518,2351483,31755,4743,4629,3868,4722,5076,7016,5059,4474,5935,1789,7896,4741,2390,10432,8227,8220,11369,5662,8526,7015,10360,7574,9793,7129,0,0,0,0,0,0,0,0,0,0,0,0,0,0,0,0,0,0,0,0,0,0,0,0
Indonesia,Nusa Tenggara Timur,20,4644369,2513557,2317975,31755,4736,4618,3859,4705,5068,7004,5048,4466,5929,1787,7867,4721,2329,10124,8037,8037,11136,5550,8335,6898,10229,7451,9564,6977,0,0,0,0,0,0,0,0,0,0,0,0,0,0,0,0,0,0,0,0,0,0,0,0
Indonesia,Nusa Tenggara Timur,25,4644369,2406907,2244331,31755,4729,4613,3853,4692,5060,6994,5040,4457,5922,1782,7841,4681,2214,9654,7745,7705,10743,5370,8062,6703,10024,7237,9176,6725,0,0,0,0,0,0,0,0,0,0,0,0,0,0,0,0,0,0,0,0,0,0,0,0
Indonesia,Nusa Tenggara Timur,30,4644369,2298069,2190811,31755,4725,4608,3848,4686,5052,6987,5033,4451,5917,1779,7816,4649,2105,9175,7422,7367,10350,5184,7794,6516,9791,7000,8807,6484,2770322,2645752,2203796,2597500,2827115,3875489,2666704,2386126,3216577,1012675,4071094,2722862,989957,4282692,3495774,3418512,4900375,2500304,3871869,3298605,5171428,3646502,4394288,3364347
Indonesia,Nusa Tenggara Timur,50,4644369,1992016,1841980,31755,4644,4516,3769,4549,4940,6856,4906,4354,5815,1739,7504,4486,1720,7247,6116,6074,8640,4297,6506,5674,8804,6063,7230,5497,2743151,2615372,2178366,2552572,2790092,3831798,2624859,2353460,3182940,998234,3963011,2666712,862376,3625526,3053000,2993570,4317492,2187333,3398074,3005543,4829076,3324537,3835440,3020562
Indonesia,Nusa Tenggara Timur,75,4644369,1481038,1304477,31755,4294,4090,3435,3936,4389,6150,4263,3839,5242,1545,6185,4001,1151,4413,3740,3909,5473,2738,4093,4049,6618,4298,4532,3790,2602102,2445441,2043293,2304740,2576270,3548239,2368335,2144597,2958187,919307,3425220,2464954,634309,2457725,2071343,2131459,3005976,1529111,2351410,2318240,3906835,2583541,2693592,2309309
Indonesia,Papua,0,31378136,31378136,31378136,148114,12663,20616,11794,19270,14785,21417,21202,15631,23289,25780,23306,47046,39433,60408,84020,85441,52107,36196,35808,30898,27131,29775,25467,25247,0,0,0,0,0,0,0,0,0,0,0,0,0,0,0,0,0,0,0,0,0,0,0,0
Indonesia,Papua,10,31378136,30022888,30185463,148114,12622,20532,11752,19181,14743,21341,21161,15578,23188,25709,23191,46778,38314,59089,82521,83675,50217,35105,34827,30137,26524,28853,23378,22937,0,0,0,0,0,0,0,0,0,0,0,0,0,0,0,0,0,0,0,0,0,0,0,0
Indonesia,Papua,15,31378136,29866901,30010922,148114,12609,20513,11743,19161,14738,21326,21153,15571,23165,25697,23178,46750,38227,59000,82395,83506,50027,35026,34750,30081,26472,28790,23271,22852,0,0,0,0,0,0,0,0,0,0,0,0,0,0,0,0,0,0,0,0,0,0,0,0
Indonesia,Papua,20,31378136,29788796,29968180,148114,12602,20502,11738,19148,14734,21318,21146,15566,23152,25690,23168,46730,38153,58913,82271,83388,49908,34950,34689,30011,26418,28704,23134,22748,0,0,0,0,0,0,0,0,0,0,0,0,0,0,0,0,0,0,0,0,0,0,0,0
Indonesia,Papua,25,31378136,29692816,29858061,148114,12596,20491,11735,19139,14731,21311,21142,15561,23143,25686,23163,46713,38086,58845,82180,83289,49772,34885,34639,29965,26382,28653,23059,22687,0,0,0,0,0,0,0,0,0,0,0,0,0,0,0,0,0,0,0,0,0,0,0,0
Indonesia,Papua,30,31378136,29567782,29724325,148114,12589,20479,11731,19129,14728,21300,21135,15555,23129,25679,23157,46692,38013,58753,82032,83052,49615,34778,34560,29911,26341,28605,22967,22586,8838336,14173627,8692085,14242138,11140598,15574624,15901374,11448106,16297140,18772331,18447796,40097203,33956004,49317369,64923772,59820204,37129562,25181159,25142439,20495899,18116424,18952230,15850498,15394172
Indonesia,Papua,50,31378136,28806014,28911659,148114,12472,20257,11636,18953,14662,21143,21030,15459,22931,25568,23035,46483,37503,58077,80718,81190,48561,34057,34108,29515,26073,28286,22418,21871,8808511,14110250,8664625,14187176,11119346,15526632,15870843,11419334,16240622,18735801,18414244,40033919,33800056,49076252,64316551,59257032,36810154,24948030,24994370,20371671,18037705,18863461,15693453,15189016
Indonesia,Papua,75,31378136,27274227,27158018,148114,11771,18842,10988,17940,14151,20292,20353,14885,21730,24802,22410,45459,36101,55241,74636,75006,45359,31927,32166,27620,24755,26600,20268,19784,8567812,13553731,8419245,13759603,10899172,15194369,15609861,11203461,15805412,18423260,18199482,39636365,33233025,47878147,61319394,56692009,35502499,24135469,24257557,19707050,17616394,18425350,15043679,14472170
Indonesia,Papua Barat,0,9852259,9852259,9852259,20656,6094,14802,7265,12264,7099,11097,6656,7918,14462,11718,11570,13625,8036,18382,42940,27415,16135,20816,17053,16668,12403,14043,17111,12470,0,0,0,0,0,0,0,0,0,0,0,0,0,0,0,0,0,0,0,0,0,0,0,0
Indonesia,Papua Barat,10,9852259,9493697,9458946,20656,6087,14776,7254,12246,7091,11071,6653,7897,14443,11702,11557,13578,7939,18032,42584,27027,15956,20613,16687,16425,12244,13839,16731,12222,0,0,0,0,0,0,0,0,0,0,0,0,0,0,0,0,0,0,0,0,0,0,0,0
Indonesia,Papua Barat,15,9852259,9479114,9442574,20656,6083,14768,7252,12240,7090,11062,6651,7894,14438,11699,11554,13573,7929,17997,42554,26965,15939,20586,16650,16391,12233,13814,16676,12198,0,0,0,0,0,0,0,0,0,0,0,0,0,0,0,0,0,0,0,0,0,0,0,0
Indonesia,Papua Barat,20,9852259,9472515,9437872,20656,6081,14763,7250,12236,7087,11059,6650,7892,14435,11696,11552,13569,7922,17971,42523,26924,15923,20567,16622,16371,12224,13797,16643,12181,0,0,0,0,0,0,0,0,0,0,0,0,0,0,0,0,0,0,0,0,0,0,0,0
Indonesia,Papua Barat,25,9852259,9465584,9428251,20656,6081,14758,7249,12232,7086,11053,6648,7891,14433,11693,11552,13564,7917,17946,42502,26893,15913,20545,16599,16355,12219,13780,16615,12170,0,0,0,0,0,0,0,0,0,0,0,0,0,0,0,0,0,0,0,0,0,0,0,0
Indonesia,Papua Barat,30,9852259,9456462,9420124,20656,6078,14749,7247,12226,7085,11049,6648,7890,14431,11693,11549,13560,7906,17905,42462,26815,15891,20511,16558,16318,12209,13752,16565,12150,4604143,12655086,5868047,9453400,5415616,8219030,5276483,6250470,11101790,9352312,9930837,10671359,6564699,14574697,36295012,20168068,11928741,15793252,12760381,11678987,9212286,10889152,13069356,9595403
Indonesia,Papua Barat,50,9852259,9412141,9362224,20656,6057,14677,7225,12172,7064,10989,6635,7866,14387,11659,11521,13508,7840,17665,42190,26314,15724,20296,16292,16083,12120,13624,16296,12030,4598281,12627765,5862955,9438059,5409333,8197827,5272196,6242948,11087285,9342303,9922541,10653566,6541785,14485744,36163868,20000605,11870319,15717251,12661369,11584805,9178721,10842063,12945468,9549805
Indonesia,Papua Barat,75,9852259,9294380,9223871,20656,5909,14091,7074,11897,6930,10703,6540,7725,14133,11476,11380,13279,7618,16876,40725,24719,15151,19622,15547,15328,11809,13230,15609,11690,4542439,12331784,5802344,9331399,5353567,8074769,5231784,6185754,10984769,9264038,9868310,10561309,6451657,14119283,35248622,19274948,11618248,15416568,12312777,11214538,9036089,10654058,12606013,9382355
Indonesia,Riau,0,8988032,8988032,8988032,847460,158886,156495,57942,273415,359323,204523,224471,212579,251206,344959,260151,355533,169619,301936,100970,164664,142914,115312,117234,108056,108359,100378,136625,123441,0,0,0,0,0,0,0,0,0,0,0,0,0,0,0,0,0,0,0,0,0,0,0,0
Indonesia,Riau,10,8988032,8016622,7934355,847460,157379,155176,57462,271380,356257,202618,213210,205142,248465,342396,255952,348623,157858,285863,92289,149865,126866,103415,105036,96685,97780,88997,118489,103935,0,0,0,0,0,0,0,0,0,0,0,0,0,0,0,0,0,0,0,0,0,0,0,0
Indonesia,Riau,15,8988032,7964137,7834569,847460,157170,155025,57399,271159,356001,202471,212853,204922,248265,342255,255768,348126,157434,284988,91834,149007,125888,102711,104332,96041,97147,88339,117518,102948,0,0,0,0,0,0,0,0,0,0,0,0,0,0,0,0,0,0,0,0,0,0,0,0
Indonesia,Riau,20,8988032,7916913,7772938,847460,156883,154825,57314,270913,355733,202306,212392,204736,248105,342100,255501,347176,156907,283944,91381,148212,124993,102021,103701,95415,96521,87731,116511,101901,0,0,0,0,0,0,0,0,0,0,0,0,0,0,0,0,0,0,0,0,0,0,0,0
Indonesia,Riau,25,8988032,7891681,7694719,847460,156726,154699,57263,270766,355588,202220,212245,204663,248025,342028,255425,346945,156685,283498,91135,147788,124519,101692,103388,95132,96216,87431,116052,101430,0,0,0,0,0,0,0,0,0,0,0,0,0,0,0,0,0,0,0,0,0,0,0,0
Indonesia,Riau,30,8988032,7848784,7646462,847460,156510,154561,57204,270588,355413,202107,211991,204516,247897,341923,255307,346655,156345,282785,90762,147085,123675,101107,102819,94605,95679,86882,115270,100670,142502622,170548622,56395856,301611711,386280943,191763473,223212522,193468513,236941919,375946784,306665838,358450343,146387579,280256714,65962142,97650219,70157029,52176440,51260141,43544682,49466719,45532065,54330510,48500529
Indonesia,Riau,50,8988032,7604980,7195401,847460,154509,152972,56634,268544,353017,200782,209425,202761,246567,340587,254070,343241,153867,278114,88355,142558,118836,97682,99456,91609,92530,83929,110834,96353,141861331,169737103,56219507,300757853,385214855,191220764,222040096,192631685,236244894,375237760,306004294,356937178,145362517,278225074,65024106,95790182,68545014,51013231,50115603,42564246,48558959,44761288,53335108,47538345
Indonesia,Riau,75,8988032,6774471,6326934,847460,145952,144433,53613,257092,339193,192739,199123,194584,238987,332249,248842,333891,145569,260981,80407,126174,101639,84294,85972,79433,80095,72031,92902,80782,138336424,164445158,54943544,294754825,377959217,187449591,216679390,188391776,232134904,370664948,302947825,352163419,141902205,269752411,61665748,88431537,61719795,45924589,45530350,38277630,44381181,41324489,48856546,43235885
Indonesia,Sulawesi Barat,0,1657135,1657135,1657135,23849,16427,12130,6897,15766,9410,11518,4158,12567,11888,7211,13923,13651,8407,15039,15103,14564,13479,13818,14167,9090,10393,10825,16784,8920,0,0,0,0,0,0,0,0,0,0,0,0,0,0,0,0,0,0,0,0,0,0,0,0
Indonesia,Sulawesi Barat,10,1657135,1540052,1511829,23849,16412,12117,6890,15748,9400,11494,4155,12551,11869,7202,13877,13581,8149,14406,14289,13892,12782,13169,13298,8647,9972,10218,15097,8563,0,0,0,0,0,0,0,0,0,0,0,0,0,0,0,0,0,0,0,0,0,0,0,0
Indonesia,Sulawesi Barat,15,1657135,1531163,1498411,23849,16409,12114,6888,15746,9399,11490,4154,12548,11866,7201,13869,13574,8129,14353,14220,13834,12721,13117,13223,8612,9938,10165,14975,8532,0,0,0,0,0,0,0,0,0,0,0,0,0,0,0,0,0,0,0,0,0,0,0,0
Indonesia,Sulawesi Barat,20,1657135,1525588,1494036,23849,16404,12112,6887,15741,9397,11487,4152,12543,11863,7199,13863,13566,8107,14305,14159,13781,12665,13069,13160,8574,9906,10124,14886,8503,0,0,0,0,0,0,0,0,0,0,0,0,0,0,0,0,0,0,0,0,0,0,0,0
Indonesia,Sulawesi Barat,25,1657135,1521571,1486120,23849,16403,12110,6885,15739,9397,11483,4152,12542,11861,7199,13862,13562,8096,14280,14128,13752,12640,13043,13123,8557,9889,10102,14830,8490,0,0,0,0,0,0,0,0,0,0,0,0,0,0,0,0,0,0,0,0,0,0,0,0
Indonesia,Sulawesi Barat,30,1657135,1513864,1478639,23849,16400,12107,6885,15736,9396,11481,4152,12540,11858,7196,13855,13555,8072,14213,14055,13677,12564,12974,13036,8513,9848,10043,14697,8456,11843035,8687195,5090240,11405812,6978807,8450973,3025206,8715298,8390460,5205107,9370277,9427932,5461747,9380976,9184252,8989089,8326215,8594563,8436215,5713166,6784710,6983860,9912927,6090388
Indonesia,Sulawesi Barat,50,1657135,1479045,1433784,23849,16364,12076,6868,15695,9377,11449,4142,12504,11814,7178,13795,13498,7938,13920,13701,13341,12233,12663,12645,8330,9687,9800,14114,8292,11834511,8678573,5084978,11394571,6974037,8441731,3022882,8705267,8377474,5199923,9352780,9410578,5415420,9275813,9051820,8858022,8195179,8469329,8278595,5637953,6721853,6886419,9686674,6024164
Indonesia,Sulawesi Barat,75,1657135,1374201,1326376,23849,16002,11752,6726,15234,9170,11115,4039,12126,11383,6981,13320,13051,7234,12369,12057,11811,10704,11129,10973,7377,8829,8652,12104,7574,11714951,8553966,5024408,11228530,6896779,8303776,2982177,8566224,8218091,5123259,9173487,9238185,5112097,8595837,8302935,8164451,7473002,7733338,7475553,5168269,6314971,6324173,8753229,5685387
Indonesia,Sulawesi Selatan,0,4547457,4547457,4547457,31710,8651,12866,6069,18144,8682,14143,9642,8241,23773,8513,14813,17529,11662,25419,31294,33735,27857,22973,29406,16713,12420,20717,41454,12164,0,0,0,0,0,0,0,0,0,0,0,0,0,0,0,0,0,0,0,0,0,0,0,0
Indonesia,Sulawesi Selatan,10,4547457,3191289,3179908,31710,8549,12781,6013,17956,8617,13990,9570,8171,23532,8440,14510,16304,9336,22159,28776,31456,24872,20189,24267,14766,10641,16878,29370,10052,0,0,0,0,0,0,0,0,0,0,0,0,0,0,0,0,0,0,0,0,0,0,0,0
Indonesia,Sulawesi Selatan,15,4547457,3137704,3106220,31710,8526,12762,6003,17914,8601,13958,9555,8156,23487,8426,14472,16246,9237,21962,28564,31285,24618,19957,23849,14612,10517,16586,28599,9910,0,0,0,0,0,0,0,0,0,0,0,0,0,0,0,0,0,0,0,0,0,0,0,0
Indonesia,Sulawesi Selatan,20,4547457,3105684,3087149,31710,8512,12746,5994,17880,8589,13926,9544,8144,23442,8415,14438,16200,9154,21797,28398,31148,24411,19774,23534,14492,10420,16369,28064,9806,0,0,0,0,0,0,0,0,0,0,0,0,0,0,0,0,0,0,0,0,0,0,0,0
Indonesia,Sulawesi Selatan,25,4547457,3078437,3049786,31710,8498,12738,5989,17858,8580,13909,9535,8138,23413,8408,14413,16170,9099,21700,28298,31061,24281,19655,23313,14407,10357,16218,27632,9729,0,0,0,0,0,0,0,0,0,0,0,0,0,0,0,0,0,0,0,0,0,0,0,0
Indonesia,Sulawesi Selatan,30,4547457,3038092,3012289,31710,8487,12727,5984,17831,8573,13891,9525,8126,23379,8401,14390,16130,9008,21475,28080,30886,24051,19442,22925,14268,10243,15943,26949,9599,5643722,8416685,4144140,11875849,5723537,9030688,6083308,4761796,14107126,5170605,8967364,10535098,5614021,14045258,18521794,19955900,15568084,12319199,14043763,9204426,6864991,10626634,16810527,6390102
Indonesia,Sulawesi Selatan,50,4547457,2862173,2806218,31710,8325,12571,5902,17498,8453,13639,9390,7986,22955,8277,14098,15790,8538,20492,26986,29972,22823,18378,21060,13535,9655,14696,23799,8944,5595876,8365335,4117403,11764054,5684008,8941134,6038426,4712530,13962206,5128569,8864174,10414504,5444181,13668143,18107735,19608589,15058495,11887104,13249111,8896399,6625802,10075285,15446903,6107707
Indonesia,Sulawesi Selatan,75,4547457,2410049,2382830,31710,7528,11511,5434,15648,7723,12225,8467,7034,20247,7377,12505,14188,6871,16653,23029,26280,18249,14618,15235,11018,7588,10810,15841,6955,5288789,7907862,3906577,10966176,5368142,8319152,5656124,4305984,12805234,4750561,8173943,9706798,4707075,11805861,16242559,17866215,12768443,10047251,10294023,7627704,5564349,7983453,11343990,5075107
Indonesia,Sulawesi Tengah,0,6115641,6115641,6115641,39521,17621,33282,20168,40279,18115,30714,20410,16793,52623,22055,26449,37755,31100,50558,97353,77676,39484,40355,49669,28491,24242,26664,49136,31352,0,0,0,0,0,0,0,0,0,0,0,0,0,0,0,0,0,0,0,0,0,0,0,0
Indonesia,Sulawesi Tengah,10,6115641,5740346,5681548,39521,17580,33218,20145,40212,18091,30670,20374,16755,52513,22014,26272,37321,29035,47626,93244,75020,37532,38199,46481,27229,23015,25147,44471,29435,0,0,0,0,0,0,0,0,0,0,0,0,0,0,0,0,0,0,0,0,0,0,0,0
Indonesia,Sulawesi Tengah,15,6115641,5710299,5645681,39521,17571,33203,20142,40195,18085,30659,20367,16747,52486,22005,26243,37270,28853,47354,92822,74802,37369,37995,46190,27104,22887,25010,44032,29215,0,0,0,0,0,0,0,0,0,0,0,0,0,0,0,0,0,0,0,0,0,0,0,0
Indonesia,Sulawesi Tengah,20,6115641,5694407,5633959,39521,17563,33187,20138,40182,18080,30650,20359,16742,52463,21994,26226,37239,28750,47153,92510,74605,37217,37828,45955,26987,22785,24884,43726,29056,0,0,0,0,0,0,0,0,0,0,0,0,0,0,0,0,0,0,0,0,0,0,0,0
Indonesia,Sulawesi Tengah,25,6115641,5681989,5611010,39521,17557,33181,20136,40172,18077,30644,20355,16738,52449,21990,26215,37214,28663,47031,92326,74497,37143,37731,45818,26924,22724,24805,43516,28953,0,0,0,0,0,0,0,0,0,0,0,0,0,0,0,0,0,0,0,0,0,0,0,0
Indonesia,Sulawesi Tengah,30,6115641,5659031,5588918,39521,17547,33169,20131,40160,18074,30635,20347,16733,52427,21980,26195,37172,28515,46762,91932,74262,36947,37525,45513,26788,22583,24645,43093,28744,12428948,23385492,13841708,28834641,13144848,22045753,14464731,11829213,36157946,15667417,18729086,27777898,21307812,31992205,57308397,41189343,25193733,25296803,30572299,18237145,15613883,17154002,29829629,20285309
Indonesia,Sulawesi Tengah,50,6115641,5563255,5450312,39521,17479,33041,20081,39996,18027,30548,20275,16655,52178,21895,26072,36945,27951,45634,90217,72942,36078,36516,44055,26113,22008,23992,41247,27873,12410698,23347233,13826725,28782368,13129616,22017195,14441699,11806557,36076494,15638177,18685891,27695205,21096353,31558812,56639194,40677191,24836133,24874374,29940801,17949072,15377760,16874459,29014643,19904201
Indonesia,Sulawesi Tengah,75,6115641,5256814,5130750,39521,16981,32048,19568,38824,17610,29772,19679,16192,50461,21263,25353,35771,25970,40870,83202,66993,32110,32286,38610,23216,19469,21126,35109,24644,12213085,22926137,13617799,28273889,12946901,21678057,14184821,11621438,35349004,15358008,18359357,27158121,20161023,29349537,53371715,37973479,22891304,22793120,27200040,16494429,14106540,15417744,25803944,18207151
Indonesia,Sulawesi Tenggara,0,3663093,3663093,3663093,47717,16168,15984,13483,41917,16490,44606,10022,8761,30359,7659,23488,23947,18147,48338,49996,41525,30768,28703,42100,21250,14534,15697,45550,20155,0,0,0,0,0,0,0,0,0,0,0,0,0,0,0,0,0,0,0,0,0,0,0,0
Indonesia,Sulawesi Tenggara,10,3663093,3233388,3229577,47717,16038,15910,13450,41749,16450,44484,10003,8729,30217,7647,23103,23275,15934,41153,44631,39008,27781,25003,36168,19318,12751,13766,35925,17471,0,0,0,0,0,0,0,0,0,0,0,0,0,0,0,0,0,0,0,0,0,0,0,0
Indonesia,Sulawesi Tenggara,15,3663093,3208814,3201781,47717,16012,15892,13443,41700,16443,44455,9996,8719,30176,7641,23055,23205,15779,40670,44275,38830,27571,24743,35756,19186,12636,13634,35310,17270,0,0,0,0,0,0,0,0,0,0,0,0,0,0,0,0,0,0,0,0,0,0,0,0
Indonesia,Sulawesi Tenggara,20,3663093,3193606,3186791,47717,15987,15874,13433,41662,16431,44423,9992,8712,30141,7638,23012,23136,15667,40296,43992,38681,27392,24532,35441,19083,12543,13531,34867,17130,0,0,0,0,0,0,0,0,0,0,0,0,0,0,0,0,0,0,0,0,0,0,0,0
Indonesia,Sulawesi Tenggara,25,3663093,3181521,3164639,47717,15970,15865,13426,41633,16426,44406,9987,8707,30114,7636,22983,23100,15602,40099,43836,38597,27303,24423,35266,19024,12495,13477,34624,17050,0,0,0,0,0,0,0,0,0,0,0,0,0,0,0,0,0,0,0,0,0,0,0,0
Indonesia,Sulawesi Tenggara,30,3663093,3163838,3151224,47717,15947,15851,13418,41603,16418,44384,9984,8700,30091,7630,22949,23041,15485,39717,43540,38445,27135,24214,34956,18920,12405,13369,34164,16908,10169831,10377807,9347131,29328104,11463861,29285970,6969525,5790844,19951838,5476674,14926665,15481424,10210219,25294326,28523866,25372965,18303384,15859900,23569141,13097017,8748481,9496938,23182187,11842099
Indonesia,Sulawesi Tenggara,50,3663093,3075180,3050917,47717,15720,15717,13347,41262,16336,44060,9916,8604,29713,7594,22616,22678,14854,37655,41802,37480,26136,23009,33106,18305,11897,12768,31642,16142,10117245,10342284,9327200,29233913,11440192,29193053,6950333,5762497,19832018,5464103,14824635,15367222,9995194,24563540,27901237,25012895,17920407,15388762,22817776,12846521,8552728,9262599,22114884,11525933
Indonesia,Sulawesi Tenggara,75,3663093,2822638,2809184,47717,14696,14878,12887,39455,15808,42006,9541,8117,27826,7340,21289,21347,12804,30840,35803,33910,22541,19013,27397,16108,10240,10812,24199,13566,9775331,10022294,9142451,28514888,11228511,28399668,6812404,5582823,19082454,5354837,14300727,14826739,9104421,21519322,25235619,23396385,16251439,13485372,20036343,11778354,7760660,8312978,18286239,10222450
Indonesia,Sulawesi Utara,0,1450713,1450713,1450713,4054,4534,7706,2915,6858,3479,4901,4291,1613,7020,2044,3124,2693,1855,7568,16304,9243,6212,8261,10102,3438,3155,3039,7186,4068,0,0,0,0,0,0,0,0,0,0,0,0,0,0,0,0,0,0,0,0,0,0,0,0
Indonesia,Sulawesi Utara,10,1450713,1329032,1312198,4054,4525,7693,2913,6847,3476,4897,4284,1611,7007,2039,3119,2677,1748,7046,15786,8907,5899,7672,9210,3198,2907,2807,6092,3602,0,0,0,0,0,0,0,0,0,0,0,0,0,0,0,0,0,0,0,0,0,0,0,0
Indonesia,Sulawesi Utara,15,1450713,1321676,1301305,4054,4524,7690,2910,6845,3475,4895,4282,1611,7004,2039,3118,2675,1739,7000,15741,8873,5868,7618,9133,3179,2885,2785,6005,3568,0,0,0,0,0,0,0,0,0,0,0,0,0,0,0,0,0,0,0,0,0,0,0,0
Indonesia,Sulawesi Utara,20,1450713,1317112,1299213,4054,4522,7687,2910,6844,3475,4895,4281,1609,7001,2038,3117,2673,1732,6974,15704,8851,5846,7584,9083,3167,2871,2776,5951,3546,0,0,0,0,0,0,0,0,0,0,0,0,0,0,0,0,0,0,0,0,0,0,0,0
Indonesia,Sulawesi Utara,25,1450713,1314043,1294561,4054,4522,7686,2910,6842,3475,4894,4280,1609,7001,2037,3117,2672,1730,6962,15687,8844,5837,7568,9064,3161,2865,2769,5928,3535,0,0,0,0,0,0,0,0,0,0,0,0,0,0,0,0,0,0,0,0,0,0,0,0
Indonesia,Sulawesi Utara,30,1450713,1305508,1287301,4054,4520,7683,2910,6841,3473,4894,4278,1609,6999,2037,3116,2671,1715,6875,15596,8782,5777,7455,8921,3124,2824,2731,5793,3474,3294206,5721596,2303683,5135478,2625402,3603132,3172735,1174697,5093019,1489483,2254193,1871892,1209358,4862561,10853927,5885109,4201972,5429694,6485071,2242271,2165404,2103626,4498387,2607491
Indonesia,Sulawesi Utara,50,1450713,1277909,1240880,4054,4504,7662,2907,6826,3469,4884,4265,1604,6973,2031,3107,2657,1687,6736,15431,8669,5675,7273,8636,3059,2752,2660,5502,3333,3288541,5714610,2302532,5130078,2623329,3599270,3167558,1173699,5083226,1487260,2250482,1866803,1197705,4802498,10779619,5836380,4155205,5343283,6348550,2211660,2128474,2067937,4342590,2540767
Indonesia,Sulawesi Utara,75,1450713,1185486,1151278,4054,4366,7470,2866,6683,3412,4796,4147,1568,6754,1975,3020,2563,1548,6085,14552,8105,5174,6459,7487,2740,2424,2338,4486,2818,3227236,5623403,2283280,5065344,2597853,3558151,3109708,1155070,4976660,1459932,2209948,1821450,1127793,4463864,10305753,5545696,3883068,4888492,5687105,2034507,1930315,1874816,3693093,2248278
Indonesia,Sumatera Barat,0,4214586,4214586,4214586,107826,15105,15450,9862,26647,29358,32812,31750,34096,40668,23010,42677,36664,23020,31727,23247,40990,54207,39022,32991,33488,39201,38145,38308,35490,0,0,0,0,0,0,0,0,0,0,0,0,0,0,0,0,0,0,0,0,0,0,0,0
Indonesia,Sumatera Barat,10,4214586,3885065,3816471,107826,15056,15412,9844,26591,29315,32767,31714,34063,40590,22981,42619,36556,22575,30777,22649,39593,52068,37760,31349,30965,36371,36109,35762,32822,0,0,0,0,0,0,0,0,0,0,0,0,0,0,0,0,0,0,0,0,0,0,0,0
Indonesia,Sumatera Barat,15,4214586,3859990,3784696,107826,15046,15404,9841,26578,29306,32750,31702,34055,40574,22975,42606,36545,22525,30706,22595,39462,51890,37642,31236,30787,36190,35943,35580,32636,0,0,0,0,0,0,0,0,0,0,0,0,0,0,0,0,0,0,0,0,0,0,0,0
Indonesia,Sumatera Barat,20,4214586,3844454,3773383,107826,15036,15397,9839,26565,29299,32742,31693,34048,40560,22970,42592,36531,22489,30648,22557,39363,51772,37557,31139,30629,36048,35810,35431,32476,0,0,0,0,0,0,0,0,0,0,0,0,0,0,0,0,0,0,0,0,0,0,0,0
Indonesia,Sumatera Barat,25,4214586,3831991,3754636,107826,15028,15390,9836,26556,29292,32732,31684,34043,40551,22967,42583,36525,22469,30620,22538,39293,51687,37507,31080,30538,35953,35731,35339,32379,0,0,0,0,0,0,0,0,0,0,0,0,0,0,0,0,0,0,0,0,0,0,0,0
Indonesia,Sumatera Barat,30,4214586,3810773,3732176,107826,15016,15384,9833,26547,29284,32715,31672,34037,40537,22960,42570,36511,22433,30560,22500,39172,51512,37400,30977,30395,35801,35602,35180,32209,9017154,10946027,6925240,19550162,23398786,23944895,23416049,25112921,29260461,15887809,30825617,28198779,15784603,19153561,14375404,25164386,32806043,22459269,17493056,14199181,18921715,21147747,20412308,18836603
Indonesia,Sumatera Barat,50,4214586,3708105,3613289,107826,14907,15294,9793,26404,29163,32583,31514,33940,40325,22891,42425,36399,22203,30242,22277,38505,50621,36814,30404,29677,35040,34800,34340,31326,8998322,10923856,6915026,19513122,23360237,23910713,23380266,25085181,29198046,15867142,30783585,28169422,15721057,19058299,14297659,24917036,32494275,22244595,17293035,13984282,18699101,20876722,20153371,18604813
Indonesia,Sumatera Barat,75,4214586,3431665,3363352,107826,14232,14692,9460,25322,28235,31501,30197,33082,38982,22374,41534,35733,21169,28734,21175,35679,46665,34401,27556,25660,30445,31231,30402,27008,8829426,10709695,6791645,19096216,22985652,23513505,22996117,24763018,28689862,15669556,30442645,27917356,15379669,18487300,13847562,23706833,30871281,21266018,16270344,12846446,17310531,19633303,18884130,17434919
Indonesia,Sumatera Selatan,0,8699118,8699118,8699118,649459,60149,67436,31567,103820,90082,175178,177851,191230,203526,121033,134056,368517,109038,174804,186629,301344,151950,148571,122282,125925,93236,103131,169250,145548,0,0,0,0,0,0,0,0,0,0,0,0,0,0,0,0,0,0,0,0,0,0,0,0
Indonesia,Sumatera Selatan,10,8699118,7351075,7113543,649459,59527,66540,31043,102918,88516,172270,175611,190053,202319,120543,132941,363351,102785,163120,173509,281924,131791,130538,107173,112168,81429,91156,145606,126046,0,0,0,0,0,0,0,0,0,0,0,0,0,0,0,0,0,0,0,0,0,0,0,0
Indonesia,Sumatera Selatan,15,8699118,7239961,6974413,649459,59407,66400,30961,102739,88107,171557,175062,189832,202092,120462,132742,362786,102289,162095,172209,280049,129412,128900,105805,110974,80346,90117,143625,124198,0,0,0,0,0,0,0,0,0,0,0,0,0,0,0,0,0,0,0,0,0,0,0,0
Indonesia,Sumatera Selatan,20,8699118,7171027,6908650,649459,59244,66224,30836,102477,87895,171142,174710,189600,201818,120334,132564,362151,101788,161146,171081,278596,127733,127573,104661,110006,79341,89154,141821,122824,0,0,0,0,0,0,0,0,0,0,0,0,0,0,0,0,0,0,0,0,0,0,0,0
Indonesia,Sumatera Selatan,25,8699118,7123101,6820395,649459,59148,66079,30770,102313,87678,170771,174413,189438,201676,120270,132439,361840,101540,160629,170523,277747,126758,126890,103940,109466,78858,88688,140909,122048,0,0,0,0,0,0,0,0,0,0,0,0,0,0,0,0,0,0,0,0,0,0,0,0
Indonesia,Sumatera Selatan,30,8699118,7037599,6740751,649459,59014,65958,30693,102154,87403,170369,173988,189246,201438,120180,132284,361299,100948,159552,169040,275754,124661,125458,102590,108366,77866,87810,139240,120445,31281401,46501832,19401195,69740460,65351204,143867576,173093278,154544676,151514614,102276017,109002471,283338468,79944249,113533856,136997228,252613872,91449446,78647711,64381568,67795114,49699965,53559197,82593587,69986009
Indonesia,Sumatera Selatan,50,8699118,6576544,6197052,649459,57853,64305,29875,99772,84566,164122,168633,185879,198470,118845,130605,355808,96979,152282,160080,263622,113484,117116,94150,102057,72311,82602,130054,111851,31081472,45676525,19038189,68702201,63916531,138883164,169107486,152168268,150203536,101389165,108045492,280375368,77324427,109557549,130631889,243376859,84473670,73878797,58601894,63939587,47377424,51395260,78851855,66273786
Indonesia,Sumatera Selatan,75,8699118,5195627,5016485,649459,52697,56041,25665,86548,72585,134949,140403,161990,177701,106567,119601,318319,77643,120279,118508,206647,78920,88159,68089,78636,53516,62293,97320,82321,29763746,40620573,16626518,60973159,57048365,116737870,148418660,134542553,138841417,91738336,100997791,256609916,63261801,89722908,98837105,196786632,62009991,56621936,42311925,49869539,38494457,41741004,63628183,52921386
Indonesia,Sumatera Utara,0,7222708,7222708,7222708,391383,55645,40326,37808,73285,76075,67537,52979,66321,122738,94776,101767,91692,57103,94178,58119,90406,82312,76607,60821,58693,70681,59996,82781,81556,0,0,0,0,0,0,0,0,0,0,0,0,0,0,0,0,0,0,0,0,0,0,0,0
Indonesia,Sumatera Utara,10,7222708,5989436,5897538,391383,54909,39967,37605,72624,74748,66878,52593,65857,121368,93522,100891,89812,53911,87035,53862,81289,76299,68183,53526,51801,61345,51147,68597,67235,0,0,0,0,0,0,0,0,0,0,0,0,0,0,0,0,0,0,0,0,0,0,0,0
Indonesia,Sumatera Utara,15,7222708,5917699,5811737,391383,54706,39896,37566,72542,74676,66829,52544,65791,121268,93463,100778,89646,53719,86547,53596,80655,75772,67592,53036,51343,60692,50492,67591,66281,0,0,0,0,0,0,0,0,0,0,0,0,0,0,0,0,0,0,0,0,0,0,0,0
Indonesia,Sumatera Utara,20,7222708,5873783,5774456,391383,54593,39832,37531,72485,74620,66789,52499,65740,121187,93420,100696,89523,53539,86151,53403,80190,75288,67051,52544,50921,60141,50015,66660,65485,0,0,0,0,0,0,0,0,0,0,0,0,0,0,0,0,0,0,0,0,0,0,0,0
Indonesia,Sumatera Utara,25,7222708,5842781,5725271,391383,54489,39787,37507,72441,74575,66765,52476,65711,121131,93390,100643,89433,53427,85920,53270,79886,75048,66766,52316,50705,59836,49742,66178,65107,0,0,0,0,0,0,0,0,0,0,0,0,0,0,0,0,0,0,0,0,0,0,0,0
Indonesia,Sumatera Utara,30,7222708,5784850,5672149,391383,54337,39735,37482,72385,74515,66724,52432,65671,121059,93338,100568,89313,53252,85505,53040,79282,74551,66196,51889,50234,59204,49218,65335,64259,20198258,19718932,17289127,32988896,42128425,36172537,27915975,39202488,70173476,47346780,55309139,46721516,24688366,43983016,27395935,39048200,34312671,30145097,22715314,21464976,27002431,25054722,31631987,31182206
Indonesia,Sumatera Utara,50,7222708,5530366,5371051,391383,53368,39238,37231,71717,73912,66263,51979,65183,120122,92782,99806,88415,52284,83210,51846,76468,72240,63616,49950,48362,56580,46876,61746,60634,20094713,19629178,17241575,32842478,41959862,36039744,27780334,39049917,69850674,47182417,55137447,46479120,24432780,43340875,26975791,38118571,33589093,29314141,22152706,20862836,26334030,24305476,30533617,30167058
Indonesia,Sumatera Utara,75,7222708,4859065,4699970,391383,49833,36978,35747,68397,70901,63614,49420,62573,114978,89019,96699,84669,48739,74515,47537,66336,63694,54227,42947,41564,47344,39299,50414,48973,19364395,18955575,16779212,31808187,40899198,35147011,26860394,38078970,67902135,45995968,54139540,45330581,23478641,41050233,25521823,34603865,30734557,26224229,20068778,18669895,23724926,21776328,27150521,26585633
Indonesia,Yogyakarta,0,317689,317689,317689,1836,85,33,9,76,16,65,21,29,27,143,177,68,51,79,56,92,163,205,108,84,93,59,210,159,0,0,0,0,0,0,0,0,0,0,0,0,0,0,0,0,0,0,0,0,0,0,0,0
Indonesia,Yogyakarta,10,317689,184472,160422,1836,84,33,9,72,15,62,21,29,25,143,176,59,33,64,48,75,124,159,83,66,79,42,148,125,0,0,0,0,0,0,0,0,0,0,0,0,0,0,0,0,0,0,0,0,0,0,0,0
Indonesia,Yogyakarta,15,317689,170508,138078,1836,83,33,9,72,15,62,19,28,25,143,176,57,30,64,46,73,120,154,79,64,75,40,140,121,0,0,0,0,0,0,0,0,0,0,0,0,0,0,0,0,0,0,0,0,0,0,0,0
Indonesia,Yogyakarta,20,317689,162949,134778,1836,83,33,9,72,15,62,18,28,25,143,175,56,30,62,45,71,119,151,77,61,75,39,135,118,0,0,0,0,0,0,0,0,0,0,0,0,0,0,0,0,0,0,0,0,0,0,0,0
Indonesia,Yogyakarta,25,317689,149552,126435,1836,83,33,8,71,15,62,18,28,25,143,175,56,29,61,44,71,114,145,73,59,74,37,122,114,0,0,0,0,0,0,0,0,0,0,0,0,0,0,0,0,0,0,0,0,0,0,0,0
Indonesia,Yogyakarta,30,317689,133245,116148,1836,83,33,8,70,15,61,18,28,25,143,173,55,27,59,42,67,108,140,69,56,71,36,107,108,44923,16772,4432,34080,7815,32811,9866,14506,13712,97185,111356,30725,13291,29271,22184,35123,59040,69380,37201,30667,40413,20041,56440,62309
Indonesia,Yogyakarta,50,317689,95038,71273,1836,78,31,8,64,13,58,18,26,23,140,166,51,19,45,32,54,83,108,52,44,54,28,76,84,43690,16335,4188,31863,7433,31454,9176,13725,13015,96606,108428,29026,10119,24091,17510,29824,47844,55751,29506,25138,32255,16337,42364,50902
Indonesia,Yogyakarta,75,317689,43514,22103,1836,62,24,6,40,10,44,10,15,17,134,143,37,8,16,14,27,43,46,22,20,24,12,28,40,36732,13196,3137,21436,5823,24954,6292,8604,9984,92934,97987,22270,4746,9760,8710,16326,26745,25339,13393,12700,15790,8536,17747,26378